"id","winner","loser","iphash","timestamp"
2015,"Nachtleben","Freibad","bf77f4e166b5d281718c2aabe3c4a27b6769c8a88ec93221681fc3d01d469dcb","2026-08-21 15:38:24.794578"
2014,"Nachtleben","Späti","bf77f4e166b5d281718c2aabe3c4a27b6769c8a88ec93221681fc3d01d469dcb","2026-08-21 15:38:23.111139"
2013,"Späti","Park","bf77f4e166b5d281718c2aabe3c4a27b6769c8a88ec93221681fc3d01d469dcb","2026-08-21 15:38:21.347133"
2012,"Späti","Sportplätze","bf77f4e166b5d281718c2aabe3c4a27b6769c8a88ec93221681fc3d01d469dcb","2026-08-21 15:38:20.435984"
2011,"Späti","Discounter","bf77f4e166b5d281718c2aabe3c4a27b6769c8a88ec93221681fc3d01d469dcb","2026-08-21 15:38:19.52461"
2010,"Späti","See","bf77f4e166b5d281718c2aabe3c4a27b6769c8a88ec93221681fc3d01d469dcb","2026-08-21 15:38:18.069987"
2009,"Späti","Cafe","bf77f4e166b5d281718c2aabe3c4a27b6769c8a88ec93221681fc3d01d469dcb","2026-08-21 15:38:13.412932"
2008,"Späti","Mensa","bf77f4e166b5d281718c2aabe3c4a27b6769c8a88ec93221681fc3d01d469dcb","2026-08-21 15:38:11.811609"
2007,"Späti","S-Bahn Haltestelle","bf77f4e166b5d281718c2aabe3c4a27b6769c8a88ec93221681fc3d01d469dcb","2026-08-21 15:38:10.693535"
2006,"Späti","Bib","bf77f4e166b5d281718c2aabe3c4a27b6769c8a88ec93221681fc3d01d469dcb","2026-08-21 15:38:08.397547"
2005,"Späti","Döner","bf77f4e166b5d281718c2aabe3c4a27b6769c8a88ec93221681fc3d01d469dcb","2026-08-21 15:38:06.820556"
2004,"Späti","Gym","bf77f4e166b5d281718c2aabe3c4a27b6769c8a88ec93221681fc3d01d469dcb","2026-08-21 15:38:04.613285"
2003,"Späti","Innenstadt","bf77f4e166b5d281718c2aabe3c4a27b6769c8a88ec93221681fc3d01d469dcb","2026-08-21 15:38:03.22236"
2002,"Späti","Campus","bf77f4e166b5d281718c2aabe3c4a27b6769c8a88ec93221681fc3d01d469dcb","2026-08-21 15:37:59.372908"
2001,"S-Bahn Haltestelle","Nachtleben","f9b14fcaada4415751037b9662237787aa1810358c7d910ebb5a0b7a50307e12","2026-08-20 10:55:44.355484"
2000,"S-Bahn Haltestelle","Park","f9b14fcaada4415751037b9662237787aa1810358c7d910ebb5a0b7a50307e12","2026-08-20 10:55:42.321483"
1999,"S-Bahn Haltestelle","Sportplätze","f9b14fcaada4415751037b9662237787aa1810358c7d910ebb5a0b7a50307e12","2026-08-20 10:55:39.237561"
1998,"S-Bahn Haltestelle","Innenstadt","f9b14fcaada4415751037b9662237787aa1810358c7d910ebb5a0b7a50307e12","2026-08-20 10:55:37.412473"
1997,"S-Bahn Haltestelle","Discounter","f9b14fcaada4415751037b9662237787aa1810358c7d910ebb5a0b7a50307e12","2026-08-20 10:55:35.013623"
1996,"Discounter","Bib","f9b14fcaada4415751037b9662237787aa1810358c7d910ebb5a0b7a50307e12","2026-08-20 10:55:32.998581"
1995,"Discounter","Freibad","f9b14fcaada4415751037b9662237787aa1810358c7d910ebb5a0b7a50307e12","2026-08-20 10:55:26.893597"
1994,"Discounter","See","f9b14fcaada4415751037b9662237787aa1810358c7d910ebb5a0b7a50307e12","2026-08-20 10:55:25.661857"
1993,"Discounter","Gym","f9b14fcaada4415751037b9662237787aa1810358c7d910ebb5a0b7a50307e12","2026-08-20 10:55:23.533435"
1992,"Discounter","Späti","f9b14fcaada4415751037b9662237787aa1810358c7d910ebb5a0b7a50307e12","2026-08-20 10:55:22.292899"
1991,"Späti","Campus","f9b14fcaada4415751037b9662237787aa1810358c7d910ebb5a0b7a50307e12","2026-08-20 10:55:17.690752"
1990,"Campus","Döner","f9b14fcaada4415751037b9662237787aa1810358c7d910ebb5a0b7a50307e12","2026-08-20 10:55:15.768252"
1989,"Döner","Cafe","f9b14fcaada4415751037b9662237787aa1810358c7d910ebb5a0b7a50307e12","2026-08-20 10:55:11.957956"
1988,"Cafe","Mensa","f9b14fcaada4415751037b9662237787aa1810358c7d910ebb5a0b7a50307e12","2026-08-20 10:55:10.448189"
1987,"Späti","S-Bahn Haltestelle","7c0bfe40e3eb08d7b239c7862b305f88db472c712b7d14c4365e981bd2375fe2","2026-08-13 10:53:30.430013"
1986,"Späti","Freibad","7c0bfe40e3eb08d7b239c7862b305f88db472c712b7d14c4365e981bd2375fe2","2026-08-13 10:53:26.203505"
1985,"Cafe","Döner","13827786e73103730d06bc50d57db83d8858cd42afa6f12a9f2c53c03911823f","2026-08-13 10:39:51.581343"
1984,"Cafe","Sportplätze","13827786e73103730d06bc50d57db83d8858cd42afa6f12a9f2c53c03911823f","2026-08-13 10:39:50.378"
1983,"Cafe","Späti","13827786e73103730d06bc50d57db83d8858cd42afa6f12a9f2c53c03911823f","2026-08-13 10:39:48.810411"
1982,"Cafe","Gym","13827786e73103730d06bc50d57db83d8858cd42afa6f12a9f2c53c03911823f","2026-08-13 10:39:46.163186"
1981,"Cafe","Nachtleben","13827786e73103730d06bc50d57db83d8858cd42afa6f12a9f2c53c03911823f","2026-08-13 10:39:44.671607"
1980,"Nachtleben","Discounter","13827786e73103730d06bc50d57db83d8858cd42afa6f12a9f2c53c03911823f","2026-08-13 10:39:43.555193"
1979,"Nachtleben","See","13827786e73103730d06bc50d57db83d8858cd42afa6f12a9f2c53c03911823f","2026-08-13 10:39:33.681184"
1978,"Nachtleben","S-Bahn Haltestelle","13827786e73103730d06bc50d57db83d8858cd42afa6f12a9f2c53c03911823f","2026-08-13 10:39:31.311332"
1977,"Nachtleben","Park","13827786e73103730d06bc50d57db83d8858cd42afa6f12a9f2c53c03911823f","2026-08-13 10:39:23.486042"
1976,"Park","Campus","13827786e73103730d06bc50d57db83d8858cd42afa6f12a9f2c53c03911823f","2026-08-13 10:39:16.779872"
1975,"Park","Innenstadt","13827786e73103730d06bc50d57db83d8858cd42afa6f12a9f2c53c03911823f","2026-08-13 10:39:14.678277"
1974,"Park","Bib","13827786e73103730d06bc50d57db83d8858cd42afa6f12a9f2c53c03911823f","2026-08-13 10:39:13.27307"
1973,"Park","Mensa","13827786e73103730d06bc50d57db83d8858cd42afa6f12a9f2c53c03911823f","2026-08-13 10:39:11.627062"
1972,"Park","Freibad","13827786e73103730d06bc50d57db83d8858cd42afa6f12a9f2c53c03911823f","2026-08-13 10:39:06.599294"
1971,"Discounter","Park","bf77f4e166b5d281718c2aabe3c4a27b6769c8a88ec93221681fc3d01d469dcb","2026-08-12 06:13:54.954017"
1970,"Discounter","Gym","bf77f4e166b5d281718c2aabe3c4a27b6769c8a88ec93221681fc3d01d469dcb","2026-08-12 06:13:51.37433"
1969,"Discounter","Cafe","bf77f4e166b5d281718c2aabe3c4a27b6769c8a88ec93221681fc3d01d469dcb","2026-08-12 06:13:49.80492"
1968,"Discounter","Campus","bf77f4e166b5d281718c2aabe3c4a27b6769c8a88ec93221681fc3d01d469dcb","2026-08-12 06:13:48.011671"
1967,"Discounter","See","bf77f4e166b5d281718c2aabe3c4a27b6769c8a88ec93221681fc3d01d469dcb","2026-08-12 06:13:43.893931"
1966,"Discounter","Späti","bf77f4e166b5d281718c2aabe3c4a27b6769c8a88ec93221681fc3d01d469dcb","2026-08-12 06:13:42.433055"
1965,"Discounter","Freibad","bf77f4e166b5d281718c2aabe3c4a27b6769c8a88ec93221681fc3d01d469dcb","2026-08-12 06:13:41.041295"
1964,"Discounter","S-Bahn Haltestelle","bf77f4e166b5d281718c2aabe3c4a27b6769c8a88ec93221681fc3d01d469dcb","2026-08-12 06:13:39.270207"
1963,"Discounter","Innenstadt","bf77f4e166b5d281718c2aabe3c4a27b6769c8a88ec93221681fc3d01d469dcb","2026-08-12 06:13:23.993258"
1962,"Discounter","Sportplätze","bf77f4e166b5d281718c2aabe3c4a27b6769c8a88ec93221681fc3d01d469dcb","2026-08-12 06:13:14.713231"
1961,"Discounter","Döner","bf77f4e166b5d281718c2aabe3c4a27b6769c8a88ec93221681fc3d01d469dcb","2026-08-12 06:13:12.823533"
1960,"Discounter","Bib","bf77f4e166b5d281718c2aabe3c4a27b6769c8a88ec93221681fc3d01d469dcb","2026-08-12 06:13:10.493359"
1959,"Discounter","Mensa","bf77f4e166b5d281718c2aabe3c4a27b6769c8a88ec93221681fc3d01d469dcb","2026-08-12 06:13:07.430418"
1958,"Mensa","Nachtleben","bf77f4e166b5d281718c2aabe3c4a27b6769c8a88ec93221681fc3d01d469dcb","2026-08-12 06:12:53.312996"
1957,"Innenstadt","Späti","bf77f4e166b5d281718c2aabe3c4a27b6769c8a88ec93221681fc3d01d469dcb","2026-08-11 17:10:56.230531"
1956,"Innenstadt","Gym","bf77f4e166b5d281718c2aabe3c4a27b6769c8a88ec93221681fc3d01d469dcb","2026-08-11 17:10:55.454807"
1955,"Innenstadt","Discounter","bf77f4e166b5d281718c2aabe3c4a27b6769c8a88ec93221681fc3d01d469dcb","2026-08-11 17:10:54.589845"
1954,"Innenstadt","Park","bf77f4e166b5d281718c2aabe3c4a27b6769c8a88ec93221681fc3d01d469dcb","2026-08-11 17:10:53.739646"
1953,"Innenstadt","Freibad","bf77f4e166b5d281718c2aabe3c4a27b6769c8a88ec93221681fc3d01d469dcb","2026-08-11 17:10:53.019821"
1952,"Innenstadt","Döner","bf77f4e166b5d281718c2aabe3c4a27b6769c8a88ec93221681fc3d01d469dcb","2026-08-11 17:10:52.378644"
1951,"Innenstadt","Cafe","bf77f4e166b5d281718c2aabe3c4a27b6769c8a88ec93221681fc3d01d469dcb","2026-08-11 17:10:51.210512"
1950,"Innenstadt","S-Bahn Haltestelle","bf77f4e166b5d281718c2aabe3c4a27b6769c8a88ec93221681fc3d01d469dcb","2026-08-11 17:10:49.916726"
1949,"S-Bahn Haltestelle","Bib","bf77f4e166b5d281718c2aabe3c4a27b6769c8a88ec93221681fc3d01d469dcb","2026-08-11 17:10:47.359794"
1948,"S-Bahn Haltestelle","Campus","bf77f4e166b5d281718c2aabe3c4a27b6769c8a88ec93221681fc3d01d469dcb","2026-08-11 17:10:45.635801"
1947,"Campus","Nachtleben","bf77f4e166b5d281718c2aabe3c4a27b6769c8a88ec93221681fc3d01d469dcb","2026-08-11 17:10:43.98032"
1946,"Nachtleben","Mensa","bf77f4e166b5d281718c2aabe3c4a27b6769c8a88ec93221681fc3d01d469dcb","2026-08-11 17:10:40.373788"
1945,"Mensa","Sportplätze","bf77f4e166b5d281718c2aabe3c4a27b6769c8a88ec93221681fc3d01d469dcb","2026-08-11 17:10:38.115664"
1944,"Mensa","See","bf77f4e166b5d281718c2aabe3c4a27b6769c8a88ec93221681fc3d01d469dcb","2026-08-11 17:10:34.921075"
1943,"See","Campus","bf77f4e166b5d281718c2aabe3c4a27b6769c8a88ec93221681fc3d01d469dcb","2026-08-10 17:29:51.138429"
1942,"See","Freibad","bf77f4e166b5d281718c2aabe3c4a27b6769c8a88ec93221681fc3d01d469dcb","2026-08-10 17:29:49.673352"
1941,"See","Gym","bf77f4e166b5d281718c2aabe3c4a27b6769c8a88ec93221681fc3d01d469dcb","2026-08-10 17:29:46.873541"
1940,"See","Park","bf77f4e166b5d281718c2aabe3c4a27b6769c8a88ec93221681fc3d01d469dcb","2026-08-10 17:29:45.27814"
1939,"See","Späti","bf77f4e166b5d281718c2aabe3c4a27b6769c8a88ec93221681fc3d01d469dcb","2026-08-10 17:29:43.043104"
1938,"See","S-Bahn Haltestelle","bf77f4e166b5d281718c2aabe3c4a27b6769c8a88ec93221681fc3d01d469dcb","2026-08-10 17:29:40.063737"
1937,"S-Bahn Haltestelle","Mensa","bf77f4e166b5d281718c2aabe3c4a27b6769c8a88ec93221681fc3d01d469dcb","2026-08-10 17:29:37.933201"
1936,"S-Bahn Haltestelle","Discounter","bf77f4e166b5d281718c2aabe3c4a27b6769c8a88ec93221681fc3d01d469dcb","2026-08-10 17:29:34.779148"
1935,"Discounter","Innenstadt","bf77f4e166b5d281718c2aabe3c4a27b6769c8a88ec93221681fc3d01d469dcb","2026-08-10 17:29:28.193151"
1934,"Discounter","Sportplätze","bf77f4e166b5d281718c2aabe3c4a27b6769c8a88ec93221681fc3d01d469dcb","2026-08-10 17:29:25.833595"
1933,"Discounter","Döner","bf77f4e166b5d281718c2aabe3c4a27b6769c8a88ec93221681fc3d01d469dcb","2026-08-10 17:29:24.355564"
1932,"Discounter","Cafe","bf77f4e166b5d281718c2aabe3c4a27b6769c8a88ec93221681fc3d01d469dcb","2026-08-10 17:29:22.076521"
1931,"Cafe","Bib","bf77f4e166b5d281718c2aabe3c4a27b6769c8a88ec93221681fc3d01d469dcb","2026-08-10 17:29:19.475249"
1930,"Cafe","Nachtleben","bf77f4e166b5d281718c2aabe3c4a27b6769c8a88ec93221681fc3d01d469dcb","2026-08-10 17:29:16.558438"
1929,"Freibad","S-Bahn Haltestelle","bf77f4e166b5d281718c2aabe3c4a27b6769c8a88ec93221681fc3d01d469dcb","2026-08-10 17:29:04.405681"
1928,"Freibad","Bib","bf77f4e166b5d281718c2aabe3c4a27b6769c8a88ec93221681fc3d01d469dcb","2026-08-10 17:29:02.468684"
1927,"Freibad","Nachtleben","bf77f4e166b5d281718c2aabe3c4a27b6769c8a88ec93221681fc3d01d469dcb","2026-08-10 17:28:57.509288"
1926,"Freibad","Döner","bf77f4e166b5d281718c2aabe3c4a27b6769c8a88ec93221681fc3d01d469dcb","2026-08-10 17:28:55.033718"
1925,"Discounter","See","9e886b29a5911a55fe908f9532929fce58a49bc93da33996e72031ce497abfad","2026-08-10 11:31:18.816276"
1924,"Discounter","Gym","9e886b29a5911a55fe908f9532929fce58a49bc93da33996e72031ce497abfad","2026-08-10 11:31:16.804509"
1923,"Discounter","Döner","9e886b29a5911a55fe908f9532929fce58a49bc93da33996e72031ce497abfad","2026-08-10 11:31:15.210115"
1922,"Discounter","S-Bahn Haltestelle","9e886b29a5911a55fe908f9532929fce58a49bc93da33996e72031ce497abfad","2026-08-10 11:31:11.954597"
1921,"S-Bahn Haltestelle","Nachtleben","9e886b29a5911a55fe908f9532929fce58a49bc93da33996e72031ce497abfad","2026-08-10 11:31:10.489477"
1920,"S-Bahn Haltestelle","Bib","9e886b29a5911a55fe908f9532929fce58a49bc93da33996e72031ce497abfad","2026-08-10 11:31:08.93139"
1919,"S-Bahn Haltestelle","Innenstadt","9e886b29a5911a55fe908f9532929fce58a49bc93da33996e72031ce497abfad","2026-08-10 11:31:07.626919"
1918,"S-Bahn Haltestelle","Freibad","9e886b29a5911a55fe908f9532929fce58a49bc93da33996e72031ce497abfad","2026-08-10 11:31:06.150249"
1917,"S-Bahn Haltestelle","Cafe","9e886b29a5911a55fe908f9532929fce58a49bc93da33996e72031ce497abfad","2026-08-10 11:31:04.695532"
1916,"S-Bahn Haltestelle","Park","9e886b29a5911a55fe908f9532929fce58a49bc93da33996e72031ce497abfad","2026-08-10 11:31:01.139609"
1915,"Park","Campus","9e886b29a5911a55fe908f9532929fce58a49bc93da33996e72031ce497abfad","2026-08-10 11:30:58.543474"
1914,"Park","Mensa","9e886b29a5911a55fe908f9532929fce58a49bc93da33996e72031ce497abfad","2026-08-10 11:30:52.653203"
1913,"Mensa","Späti","9e886b29a5911a55fe908f9532929fce58a49bc93da33996e72031ce497abfad","2026-08-10 11:30:50.094889"
1912,"Späti","Sportplätze","9e886b29a5911a55fe908f9532929fce58a49bc93da33996e72031ce497abfad","2026-08-10 11:30:46.596136"
1911,"Park","See","d5976326602a3ea329ed16e1fc605ec5d3017ef59501ad0f1ffc9a1a0ae33113","2026-08-09 19:30:32.818915"
1910,"Park","Freibad","d5976326602a3ea329ed16e1fc605ec5d3017ef59501ad0f1ffc9a1a0ae33113","2026-08-09 19:29:56.379186"
1909,"Park","Campus","d5976326602a3ea329ed16e1fc605ec5d3017ef59501ad0f1ffc9a1a0ae33113","2026-08-09 19:29:54.532064"
1908,"Park","Bib","d5976326602a3ea329ed16e1fc605ec5d3017ef59501ad0f1ffc9a1a0ae33113","2026-08-09 19:29:51.854169"
1907,"Park","Späti","d5976326602a3ea329ed16e1fc605ec5d3017ef59501ad0f1ffc9a1a0ae33113","2026-08-09 19:29:49.505832"
1906,"Späti","Sportplätze","d5976326602a3ea329ed16e1fc605ec5d3017ef59501ad0f1ffc9a1a0ae33113","2026-08-09 19:29:45.349152"
1905,"Späti","Cafe","d5976326602a3ea329ed16e1fc605ec5d3017ef59501ad0f1ffc9a1a0ae33113","2026-08-09 19:29:42.326503"
1904,"Späti","Mensa","d5976326602a3ea329ed16e1fc605ec5d3017ef59501ad0f1ffc9a1a0ae33113","2026-08-09 19:29:15.420198"
1903,"Späti","Discounter","d5976326602a3ea329ed16e1fc605ec5d3017ef59501ad0f1ffc9a1a0ae33113","2026-08-09 19:29:12.089853"
1902,"Späti","Nachtleben","d5976326602a3ea329ed16e1fc605ec5d3017ef59501ad0f1ffc9a1a0ae33113","2026-08-09 19:29:09.694436"
1901,"Späti","S-Bahn Haltestelle","d5976326602a3ea329ed16e1fc605ec5d3017ef59501ad0f1ffc9a1a0ae33113","2026-08-09 19:29:02.575186"
1900,"S-Bahn Haltestelle","Gym","d5976326602a3ea329ed16e1fc605ec5d3017ef59501ad0f1ffc9a1a0ae33113","2026-08-09 19:28:59.926979"
1899,"S-Bahn Haltestelle","Döner","d5976326602a3ea329ed16e1fc605ec5d3017ef59501ad0f1ffc9a1a0ae33113","2026-08-09 19:28:54.018544"
1898,"S-Bahn Haltestelle","Innenstadt","d5976326602a3ea329ed16e1fc605ec5d3017ef59501ad0f1ffc9a1a0ae33113","2026-08-09 19:28:22.554254"
1897,"Nachtleben","Park","d5976326602a3ea329ed16e1fc605ec5d3017ef59501ad0f1ffc9a1a0ae33113","2026-08-09 14:19:12.910777"
1896,"Park","Bib","d5976326602a3ea329ed16e1fc605ec5d3017ef59501ad0f1ffc9a1a0ae33113","2026-08-09 14:19:05.041788"
1895,"Park","Discounter","d5976326602a3ea329ed16e1fc605ec5d3017ef59501ad0f1ffc9a1a0ae33113","2026-08-09 14:19:01.730369"
1894,"Park","Sportplätze","d5976326602a3ea329ed16e1fc605ec5d3017ef59501ad0f1ffc9a1a0ae33113","2026-08-09 14:18:59.765059"
1893,"Sportplätze","Döner","d5976326602a3ea329ed16e1fc605ec5d3017ef59501ad0f1ffc9a1a0ae33113","2026-08-09 14:18:57.59679"
1892,"Döner","Mensa","d5976326602a3ea329ed16e1fc605ec5d3017ef59501ad0f1ffc9a1a0ae33113","2026-08-09 14:18:46.311738"
1891,"Mensa","Gym","d5976326602a3ea329ed16e1fc605ec5d3017ef59501ad0f1ffc9a1a0ae33113","2026-08-09 14:18:42.910682"
1890,"Mensa","Campus","d5976326602a3ea329ed16e1fc605ec5d3017ef59501ad0f1ffc9a1a0ae33113","2026-08-09 14:18:40.851569"
1889,"Campus","See","d5976326602a3ea329ed16e1fc605ec5d3017ef59501ad0f1ffc9a1a0ae33113","2026-08-09 14:18:38.657773"
1888,"Campus","Freibad","d5976326602a3ea329ed16e1fc605ec5d3017ef59501ad0f1ffc9a1a0ae33113","2026-08-09 14:18:30.608269"
1887,"Campus","Späti","d5976326602a3ea329ed16e1fc605ec5d3017ef59501ad0f1ffc9a1a0ae33113","2026-08-09 14:18:27.588706"
1886,"Späti","S-Bahn Haltestelle","d5976326602a3ea329ed16e1fc605ec5d3017ef59501ad0f1ffc9a1a0ae33113","2026-08-09 14:18:23.083736"
1885,"Späti","Innenstadt","d5976326602a3ea329ed16e1fc605ec5d3017ef59501ad0f1ffc9a1a0ae33113","2026-08-09 14:18:19.587754"
1884,"Späti","Cafe","d5976326602a3ea329ed16e1fc605ec5d3017ef59501ad0f1ffc9a1a0ae33113","2026-08-09 14:18:11.584502"
1883,"Mensa","Campus","ae5387f5fdb5e7100370d924a1dbf6d45ee645cd9beb7973b685b333e6044e78","2026-08-06 11:12:04.457126"
1882,"Mensa","S-Bahn Haltestelle","ae5387f5fdb5e7100370d924a1dbf6d45ee645cd9beb7973b685b333e6044e78","2026-08-06 11:11:56.87216"
1881,"S-Bahn Haltestelle","Sportplätze","ae5387f5fdb5e7100370d924a1dbf6d45ee645cd9beb7973b685b333e6044e78","2026-08-06 11:11:52.486311"
1880,"S-Bahn Haltestelle","Döner","ae5387f5fdb5e7100370d924a1dbf6d45ee645cd9beb7973b685b333e6044e78","2026-08-06 11:11:45.393089"
1879,"S-Bahn Haltestelle","Freibad","ae5387f5fdb5e7100370d924a1dbf6d45ee645cd9beb7973b685b333e6044e78","2026-08-06 11:11:39.311064"
1878,"Cafe","Freibad","d5976326602a3ea329ed16e1fc605ec5d3017ef59501ad0f1ffc9a1a0ae33113","2026-08-06 10:01:38.534318"
1877,"Cafe","Campus","d5976326602a3ea329ed16e1fc605ec5d3017ef59501ad0f1ffc9a1a0ae33113","2026-08-06 10:01:37.502577"
1876,"Campus","S-Bahn Haltestelle","d5976326602a3ea329ed16e1fc605ec5d3017ef59501ad0f1ffc9a1a0ae33113","2026-08-06 10:01:34.407802"
1875,"Campus","Nachtleben","d5976326602a3ea329ed16e1fc605ec5d3017ef59501ad0f1ffc9a1a0ae33113","2026-08-06 10:01:32.754768"
1874,"Campus","Freibad","13827786e73103730d06bc50d57db83d8858cd42afa6f12a9f2c53c03911823f","2026-08-06 07:45:06.385196"
1873,"Campus","Innenstadt","13827786e73103730d06bc50d57db83d8858cd42afa6f12a9f2c53c03911823f","2026-08-06 07:45:01.276255"
1872,"Campus","S-Bahn Haltestelle","13827786e73103730d06bc50d57db83d8858cd42afa6f12a9f2c53c03911823f","2026-08-06 07:44:50.546023"
1871,"S-Bahn Haltestelle","Sportplätze","13827786e73103730d06bc50d57db83d8858cd42afa6f12a9f2c53c03911823f","2026-08-06 07:44:45.607684"
1870,"S-Bahn Haltestelle","Döner","13827786e73103730d06bc50d57db83d8858cd42afa6f12a9f2c53c03911823f","2026-08-06 07:44:37.526618"
1869,"Döner","Discounter","13827786e73103730d06bc50d57db83d8858cd42afa6f12a9f2c53c03911823f","2026-08-06 07:44:25.262797"
1868,"Discounter","Späti","13827786e73103730d06bc50d57db83d8858cd42afa6f12a9f2c53c03911823f","2026-08-06 07:44:21.127154"
1867,"Discounter","Mensa","13827786e73103730d06bc50d57db83d8858cd42afa6f12a9f2c53c03911823f","2026-08-06 07:44:04.757355"
1866,"Mensa","Nachtleben","13827786e73103730d06bc50d57db83d8858cd42afa6f12a9f2c53c03911823f","2026-08-06 07:44:00.432983"
1865,"Mensa","Cafe","13827786e73103730d06bc50d57db83d8858cd42afa6f12a9f2c53c03911823f","2026-08-06 07:43:54.866969"
1864,"Mensa","See","13827786e73103730d06bc50d57db83d8858cd42afa6f12a9f2c53c03911823f","2026-08-06 07:43:49.713332"
1863,"Mensa","Park","13827786e73103730d06bc50d57db83d8858cd42afa6f12a9f2c53c03911823f","2026-08-06 07:43:33.023106"
1862,"Park","Bib","13827786e73103730d06bc50d57db83d8858cd42afa6f12a9f2c53c03911823f","2026-08-06 07:43:28.656088"
1861,"Park","Gym","13827786e73103730d06bc50d57db83d8858cd42afa6f12a9f2c53c03911823f","2026-08-06 07:43:21.345707"
1860,"Bib","Sportplätze","bf77f4e166b5d281718c2aabe3c4a27b6769c8a88ec93221681fc3d01d469dcb","2026-08-04 16:13:27.558676"
1859,"Bib","Campus","bf77f4e166b5d281718c2aabe3c4a27b6769c8a88ec93221681fc3d01d469dcb","2026-08-04 16:13:22.6064"
1858,"Campus","Discounter","bf77f4e166b5d281718c2aabe3c4a27b6769c8a88ec93221681fc3d01d469dcb","2026-08-04 16:13:20.207329"
1857,"Discounter","Nachtleben","bf77f4e166b5d281718c2aabe3c4a27b6769c8a88ec93221681fc3d01d469dcb","2026-08-04 16:13:15.414032"
1856,"Nachtleben","Freibad","bf77f4e166b5d281718c2aabe3c4a27b6769c8a88ec93221681fc3d01d469dcb","2026-08-04 16:13:11.287389"
1855,"Nachtleben","See","bf77f4e166b5d281718c2aabe3c4a27b6769c8a88ec93221681fc3d01d469dcb","2026-08-04 16:13:06.088849"
1854,"Nachtleben","Park","bf77f4e166b5d281718c2aabe3c4a27b6769c8a88ec93221681fc3d01d469dcb","2026-08-04 16:13:03.573974"
1853,"Nachtleben","Döner","bf77f4e166b5d281718c2aabe3c4a27b6769c8a88ec93221681fc3d01d469dcb","2026-08-04 16:13:00.800828"
1852,"Nachtleben","Innenstadt","bf77f4e166b5d281718c2aabe3c4a27b6769c8a88ec93221681fc3d01d469dcb","2026-08-04 16:12:58.564884"
1851,"Nachtleben","Mensa","bf77f4e166b5d281718c2aabe3c4a27b6769c8a88ec93221681fc3d01d469dcb","2026-08-04 16:12:55.276403"
1850,"Nachtleben","Späti","bf77f4e166b5d281718c2aabe3c4a27b6769c8a88ec93221681fc3d01d469dcb","2026-08-04 16:12:52.137557"
1849,"Nachtleben","S-Bahn Haltestelle","bf77f4e166b5d281718c2aabe3c4a27b6769c8a88ec93221681fc3d01d469dcb","2026-08-04 16:12:46.762958"
1848,"S-Bahn Haltestelle","Cafe","bf77f4e166b5d281718c2aabe3c4a27b6769c8a88ec93221681fc3d01d469dcb","2026-08-04 16:12:43.384657"
1847,"Cafe","Gym","bf77f4e166b5d281718c2aabe3c4a27b6769c8a88ec93221681fc3d01d469dcb","2026-08-04 16:12:38.20291"
1846,"Discounter","Freibad","d5976326602a3ea329ed16e1fc605ec5d3017ef59501ad0f1ffc9a1a0ae33113","2026-08-04 09:33:02.873059"
1845,"Discounter","Späti","d5976326602a3ea329ed16e1fc605ec5d3017ef59501ad0f1ffc9a1a0ae33113","2026-08-04 09:33:01.670853"
1844,"Discounter","Campus","d5976326602a3ea329ed16e1fc605ec5d3017ef59501ad0f1ffc9a1a0ae33113","2026-08-04 09:33:00.193762"
1843,"Discounter","Döner","d5976326602a3ea329ed16e1fc605ec5d3017ef59501ad0f1ffc9a1a0ae33113","2026-08-04 09:32:58.391831"
1842,"Discounter","Nachtleben","d5976326602a3ea329ed16e1fc605ec5d3017ef59501ad0f1ffc9a1a0ae33113","2026-08-04 09:32:55.904585"
1841,"Discounter","Mensa","d5976326602a3ea329ed16e1fc605ec5d3017ef59501ad0f1ffc9a1a0ae33113","2026-08-04 09:32:54.539036"
1840,"Discounter","Park","d5976326602a3ea329ed16e1fc605ec5d3017ef59501ad0f1ffc9a1a0ae33113","2026-08-04 09:32:52.78552"
1839,"Discounter","Sportplätze","d5976326602a3ea329ed16e1fc605ec5d3017ef59501ad0f1ffc9a1a0ae33113","2026-08-04 09:32:50.928315"
1838,"Discounter","See","d5976326602a3ea329ed16e1fc605ec5d3017ef59501ad0f1ffc9a1a0ae33113","2026-08-04 09:32:48.488658"
1837,"Discounter","Cafe","d5976326602a3ea329ed16e1fc605ec5d3017ef59501ad0f1ffc9a1a0ae33113","2026-08-04 09:32:46.965056"
1836,"Discounter","Innenstadt","d5976326602a3ea329ed16e1fc605ec5d3017ef59501ad0f1ffc9a1a0ae33113","2026-08-04 09:32:45.181883"
1835,"Discounter","Gym","d5976326602a3ea329ed16e1fc605ec5d3017ef59501ad0f1ffc9a1a0ae33113","2026-08-04 09:32:43.214971"
1834,"Discounter","S-Bahn Haltestelle","d5976326602a3ea329ed16e1fc605ec5d3017ef59501ad0f1ffc9a1a0ae33113","2026-08-04 09:32:41.080669"
1833,"S-Bahn Haltestelle","Bib","d5976326602a3ea329ed16e1fc605ec5d3017ef59501ad0f1ffc9a1a0ae33113","2026-08-04 09:32:35.237743"
1832,"S-Bahn Haltestelle","Nachtleben","746c4c6e8a166d7c2f62d7f4ce8d866f7373bdd8f7a879488b050f0998243623","2026-08-03 17:48:57.335979"
1831,"Nachtleben","Mensa","746c4c6e8a166d7c2f62d7f4ce8d866f7373bdd8f7a879488b050f0998243623","2026-08-03 17:48:42.157887"
1830,"Nachtleben","Discounter","746c4c6e8a166d7c2f62d7f4ce8d866f7373bdd8f7a879488b050f0998243623","2026-08-03 17:48:40.813694"
1829,"Nachtleben","Sportplätze","746c4c6e8a166d7c2f62d7f4ce8d866f7373bdd8f7a879488b050f0998243623","2026-08-03 17:48:39.527538"
1828,"Nachtleben","Cafe","746c4c6e8a166d7c2f62d7f4ce8d866f7373bdd8f7a879488b050f0998243623","2026-08-03 17:48:38.244665"
1827,"Nachtleben","Park","746c4c6e8a166d7c2f62d7f4ce8d866f7373bdd8f7a879488b050f0998243623","2026-08-03 17:48:36.121629"
1826,"Nachtleben","Campus","746c4c6e8a166d7c2f62d7f4ce8d866f7373bdd8f7a879488b050f0998243623","2026-08-03 17:48:31.840929"
1825,"Nachtleben","Bib","746c4c6e8a166d7c2f62d7f4ce8d866f7373bdd8f7a879488b050f0998243623","2026-08-03 17:48:30.126431"
1824,"Nachtleben","Döner","746c4c6e8a166d7c2f62d7f4ce8d866f7373bdd8f7a879488b050f0998243623","2026-08-03 17:48:23.082392"
1823,"Nachtleben","Innenstadt","746c4c6e8a166d7c2f62d7f4ce8d866f7373bdd8f7a879488b050f0998243623","2026-08-03 17:48:20.583564"
1822,"Nachtleben","See","746c4c6e8a166d7c2f62d7f4ce8d866f7373bdd8f7a879488b050f0998243623","2026-08-03 17:48:16.726676"
1821,"See","Späti","746c4c6e8a166d7c2f62d7f4ce8d866f7373bdd8f7a879488b050f0998243623","2026-08-03 17:48:12.074485"
1820,"Späti","Gym","746c4c6e8a166d7c2f62d7f4ce8d866f7373bdd8f7a879488b050f0998243623","2026-08-03 17:48:08.143673"
1819,"Späti","Freibad","746c4c6e8a166d7c2f62d7f4ce8d866f7373bdd8f7a879488b050f0998243623","2026-08-03 17:48:02.641155"
1818,"Späti","Mensa","d5976326602a3ea329ed16e1fc605ec5d3017ef59501ad0f1ffc9a1a0ae33113","2026-08-03 12:23:35.58664"
1817,"Späti","Sportplätze","d5976326602a3ea329ed16e1fc605ec5d3017ef59501ad0f1ffc9a1a0ae33113","2026-08-03 12:23:34.344909"
1816,"Späti","See","d5976326602a3ea329ed16e1fc605ec5d3017ef59501ad0f1ffc9a1a0ae33113","2026-08-03 12:23:32.86554"
1815,"Späti","Freibad","d5976326602a3ea329ed16e1fc605ec5d3017ef59501ad0f1ffc9a1a0ae33113","2026-08-03 12:23:31.637429"
1814,"Späti","Bib","d5976326602a3ea329ed16e1fc605ec5d3017ef59501ad0f1ffc9a1a0ae33113","2026-08-03 12:23:30.617093"
1813,"Späti","Discounter","d5976326602a3ea329ed16e1fc605ec5d3017ef59501ad0f1ffc9a1a0ae33113","2026-08-03 12:23:29.457968"
1812,"Späti","S-Bahn Haltestelle","d5976326602a3ea329ed16e1fc605ec5d3017ef59501ad0f1ffc9a1a0ae33113","2026-08-03 12:23:27.825646"
1811,"Späti","Nachtleben","d5976326602a3ea329ed16e1fc605ec5d3017ef59501ad0f1ffc9a1a0ae33113","2026-08-03 12:23:26.384779"
1810,"Nachtleben","Park","d5976326602a3ea329ed16e1fc605ec5d3017ef59501ad0f1ffc9a1a0ae33113","2026-08-03 12:23:22.898309"
1809,"Nachtleben","Cafe","d5976326602a3ea329ed16e1fc605ec5d3017ef59501ad0f1ffc9a1a0ae33113","2026-08-03 12:23:20.305485"
1808,"Nachtleben","Gym","d5976326602a3ea329ed16e1fc605ec5d3017ef59501ad0f1ffc9a1a0ae33113","2026-08-03 12:23:18.489748"
1807,"Nachtleben","Döner","d5976326602a3ea329ed16e1fc605ec5d3017ef59501ad0f1ffc9a1a0ae33113","2026-08-03 12:23:17.064607"
1806,"Nachtleben","Innenstadt","d5976326602a3ea329ed16e1fc605ec5d3017ef59501ad0f1ffc9a1a0ae33113","2026-08-03 12:23:14.857161"
1805,"Nachtleben","Campus","d5976326602a3ea329ed16e1fc605ec5d3017ef59501ad0f1ffc9a1a0ae33113","2026-08-03 12:23:11.707586"
1804,"Nachtleben","See","d5976326602a3ea329ed16e1fc605ec5d3017ef59501ad0f1ffc9a1a0ae33113","2026-08-02 22:13:57.941889"
1803,"Nachtleben","Cafe","d5976326602a3ea329ed16e1fc605ec5d3017ef59501ad0f1ffc9a1a0ae33113","2026-08-02 22:13:54.826603"
1802,"Nachtleben","Sportplätze","d5976326602a3ea329ed16e1fc605ec5d3017ef59501ad0f1ffc9a1a0ae33113","2026-08-02 22:13:53.653557"
1801,"Nachtleben","Mensa","d5976326602a3ea329ed16e1fc605ec5d3017ef59501ad0f1ffc9a1a0ae33113","2026-08-02 22:13:52.582013"
1800,"Nachtleben","Döner","d5976326602a3ea329ed16e1fc605ec5d3017ef59501ad0f1ffc9a1a0ae33113","2026-08-02 22:13:51.085569"
1799,"Nachtleben","Späti","d5976326602a3ea329ed16e1fc605ec5d3017ef59501ad0f1ffc9a1a0ae33113","2026-08-02 22:13:48.861028"
1798,"Nachtleben","Park","d5976326602a3ea329ed16e1fc605ec5d3017ef59501ad0f1ffc9a1a0ae33113","2026-08-02 22:13:45.820267"
1797,"Park","Discounter","d5976326602a3ea329ed16e1fc605ec5d3017ef59501ad0f1ffc9a1a0ae33113","2026-08-02 22:13:43.903794"
1796,"Discounter","Freibad","d5976326602a3ea329ed16e1fc605ec5d3017ef59501ad0f1ffc9a1a0ae33113","2026-08-02 22:13:40.385639"
1795,"Freibad","Gym","d5976326602a3ea329ed16e1fc605ec5d3017ef59501ad0f1ffc9a1a0ae33113","2026-08-02 22:13:38.781617"
1794,"Gym","Innenstadt","d5976326602a3ea329ed16e1fc605ec5d3017ef59501ad0f1ffc9a1a0ae33113","2026-08-02 22:13:36.919411"
1793,"Gym","Bib","d5976326602a3ea329ed16e1fc605ec5d3017ef59501ad0f1ffc9a1a0ae33113","2026-08-02 22:13:34.579284"
1792,"Gym","S-Bahn Haltestelle","d5976326602a3ea329ed16e1fc605ec5d3017ef59501ad0f1ffc9a1a0ae33113","2026-08-02 22:13:32.867825"
1791,"Gym","Campus","d5976326602a3ea329ed16e1fc605ec5d3017ef59501ad0f1ffc9a1a0ae33113","2026-08-02 22:13:27.126844"
1790,"Park","S-Bahn Haltestelle","a5172ab8bc81e0bfada1abdd7f57c8aea0b8c56c28fea5e7e1c17ea91e64ee27","2026-08-02 20:15:23.665826"
1789,"S-Bahn Haltestelle","Gym","a5172ab8bc81e0bfada1abdd7f57c8aea0b8c56c28fea5e7e1c17ea91e64ee27","2026-08-02 20:15:21.582749"
1788,"S-Bahn Haltestelle","Discounter","a5172ab8bc81e0bfada1abdd7f57c8aea0b8c56c28fea5e7e1c17ea91e64ee27","2026-08-02 20:15:20.262412"
1787,"S-Bahn Haltestelle","Campus","a5172ab8bc81e0bfada1abdd7f57c8aea0b8c56c28fea5e7e1c17ea91e64ee27","2026-08-02 20:15:18.77904"
1786,"S-Bahn Haltestelle","See","a5172ab8bc81e0bfada1abdd7f57c8aea0b8c56c28fea5e7e1c17ea91e64ee27","2026-08-02 20:15:08.512662"
1785,"S-Bahn Haltestelle","Sportplätze","a5172ab8bc81e0bfada1abdd7f57c8aea0b8c56c28fea5e7e1c17ea91e64ee27","2026-08-02 20:15:07.351749"
1784,"S-Bahn Haltestelle","Innenstadt","a5172ab8bc81e0bfada1abdd7f57c8aea0b8c56c28fea5e7e1c17ea91e64ee27","2026-08-02 20:15:05.953821"
1783,"S-Bahn Haltestelle","Cafe","a5172ab8bc81e0bfada1abdd7f57c8aea0b8c56c28fea5e7e1c17ea91e64ee27","2026-08-02 20:15:02.580084"
1782,"Cafe","Späti","a5172ab8bc81e0bfada1abdd7f57c8aea0b8c56c28fea5e7e1c17ea91e64ee27","2026-08-02 20:14:55.249581"
1781,"Cafe","Bib","a5172ab8bc81e0bfada1abdd7f57c8aea0b8c56c28fea5e7e1c17ea91e64ee27","2026-08-02 20:14:53.972445"
1780,"Bib","Nachtleben","a5172ab8bc81e0bfada1abdd7f57c8aea0b8c56c28fea5e7e1c17ea91e64ee27","2026-08-02 20:14:48.772405"
1779,"Bib","Döner","a5172ab8bc81e0bfada1abdd7f57c8aea0b8c56c28fea5e7e1c17ea91e64ee27","2026-08-02 20:14:47.222114"
1778,"Bib","Mensa","a5172ab8bc81e0bfada1abdd7f57c8aea0b8c56c28fea5e7e1c17ea91e64ee27","2026-08-02 20:14:45.843283"
1777,"Bib","Freibad","a5172ab8bc81e0bfada1abdd7f57c8aea0b8c56c28fea5e7e1c17ea91e64ee27","2026-08-02 20:14:44.094265"
1776,"Späti","Bib","286648181f8effb2abd5938a61a94db3c02a74454f977b2876c9e7ca71a4e1de","2026-08-02 18:20:40.820049"
1775,"Bib","Innenstadt","286648181f8effb2abd5938a61a94db3c02a74454f977b2876c9e7ca71a4e1de","2026-08-02 18:20:39.299008"
1774,"Innenstadt","Sportplätze","286648181f8effb2abd5938a61a94db3c02a74454f977b2876c9e7ca71a4e1de","2026-08-02 18:20:37.983251"
1773,"Innenstadt","Nachtleben","286648181f8effb2abd5938a61a94db3c02a74454f977b2876c9e7ca71a4e1de","2026-08-02 18:20:35.709391"
1772,"Innenstadt","S-Bahn Haltestelle","286648181f8effb2abd5938a61a94db3c02a74454f977b2876c9e7ca71a4e1de","2026-08-02 18:20:28.969794"
1771,"S-Bahn Haltestelle","Discounter","286648181f8effb2abd5938a61a94db3c02a74454f977b2876c9e7ca71a4e1de","2026-08-02 18:20:23.495837"
1770,"Discounter","Cafe","286648181f8effb2abd5938a61a94db3c02a74454f977b2876c9e7ca71a4e1de","2026-08-02 18:20:21.642899"
1769,"Cafe","Freibad","286648181f8effb2abd5938a61a94db3c02a74454f977b2876c9e7ca71a4e1de","2026-08-02 18:20:07.942752"
1768,"Cafe","Park","286648181f8effb2abd5938a61a94db3c02a74454f977b2876c9e7ca71a4e1de","2026-08-02 18:19:58.442431"
1767,"Park","Campus","286648181f8effb2abd5938a61a94db3c02a74454f977b2876c9e7ca71a4e1de","2026-08-02 18:19:56.355259"
1766,"Park","Gym","286648181f8effb2abd5938a61a94db3c02a74454f977b2876c9e7ca71a4e1de","2026-08-02 18:19:53.294153"
1765,"Park","Mensa","286648181f8effb2abd5938a61a94db3c02a74454f977b2876c9e7ca71a4e1de","2026-08-02 18:19:51.801303"
1764,"Mensa","See","286648181f8effb2abd5938a61a94db3c02a74454f977b2876c9e7ca71a4e1de","2026-08-02 18:19:50.149349"
1763,"See","Döner","286648181f8effb2abd5938a61a94db3c02a74454f977b2876c9e7ca71a4e1de","2026-08-02 18:19:45.229857"
1762,"Mensa","Sportplätze","01524cfaa137c8cc91cb6421e8b6adab20af58a64614130173afd33bc640fb15","2026-08-02 11:38:31.531984"
1761,"Mensa","Sportplätze","01524cfaa137c8cc91cb6421e8b6adab20af58a64614130173afd33bc640fb15","2026-08-02 11:38:31.236519"
1760,"Mensa","Innenstadt","01524cfaa137c8cc91cb6421e8b6adab20af58a64614130173afd33bc640fb15","2026-08-02 11:38:30.944596"
1759,"Mensa","Bib","01524cfaa137c8cc91cb6421e8b6adab20af58a64614130173afd33bc640fb15","2026-08-02 11:38:30.623159"
1758,"Mensa","S-Bahn Haltestelle","01524cfaa137c8cc91cb6421e8b6adab20af58a64614130173afd33bc640fb15","2026-08-02 11:38:30.345443"
1757,"Mensa","S-Bahn Haltestelle","01524cfaa137c8cc91cb6421e8b6adab20af58a64614130173afd33bc640fb15","2026-08-02 11:38:30.214804"
1756,"Mensa","Campus","01524cfaa137c8cc91cb6421e8b6adab20af58a64614130173afd33bc640fb15","2026-08-02 11:38:29.250482"
1755,"Mensa","Freibad","01524cfaa137c8cc91cb6421e8b6adab20af58a64614130173afd33bc640fb15","2026-08-02 11:38:27.508593"
1754,"Mensa","Freibad","01524cfaa137c8cc91cb6421e8b6adab20af58a64614130173afd33bc640fb15","2026-08-02 11:38:27.059613"
1753,"Mensa","Freibad","01524cfaa137c8cc91cb6421e8b6adab20af58a64614130173afd33bc640fb15","2026-08-02 11:38:26.866659"
1752,"Mensa","Freibad","01524cfaa137c8cc91cb6421e8b6adab20af58a64614130173afd33bc640fb15","2026-08-02 11:38:26.228493"
1751,"Mensa","Freibad","01524cfaa137c8cc91cb6421e8b6adab20af58a64614130173afd33bc640fb15","2026-08-02 11:38:25.930807"
1750,"Mensa","See","01524cfaa137c8cc91cb6421e8b6adab20af58a64614130173afd33bc640fb15","2026-08-02 11:38:22.665469"
1749,"Mensa","Nachtleben","01524cfaa137c8cc91cb6421e8b6adab20af58a64614130173afd33bc640fb15","2026-08-02 11:38:21.146029"
1748,"Cafe","Gym","1588f6e0c4ec38458456e85b34187cca56b5da688323055c29ab6c790bf260d1","2026-08-01 22:09:40.036594"
1747,"Gym","Innenstadt","1588f6e0c4ec38458456e85b34187cca56b5da688323055c29ab6c790bf260d1","2026-08-01 22:09:33.188905"
1746,"Innenstadt","Discounter","1588f6e0c4ec38458456e85b34187cca56b5da688323055c29ab6c790bf260d1","2026-08-01 22:09:30.391271"
1745,"Discounter","See","1588f6e0c4ec38458456e85b34187cca56b5da688323055c29ab6c790bf260d1","2026-08-01 22:09:21.3889"
1744,"Discounter","See","1588f6e0c4ec38458456e85b34187cca56b5da688323055c29ab6c790bf260d1","2026-08-01 22:09:21.302383"
1743,"Discounter","See","1588f6e0c4ec38458456e85b34187cca56b5da688323055c29ab6c790bf260d1","2026-08-01 22:09:20.788781"
1742,"Discounter","See","1588f6e0c4ec38458456e85b34187cca56b5da688323055c29ab6c790bf260d1","2026-08-01 22:09:20.680671"
1741,"Discounter","See","1588f6e0c4ec38458456e85b34187cca56b5da688323055c29ab6c790bf260d1","2026-08-01 22:09:20.679566"
1740,"Discounter","See","1588f6e0c4ec38458456e85b34187cca56b5da688323055c29ab6c790bf260d1","2026-08-01 22:09:20.133952"
1739,"Discounter","See","1588f6e0c4ec38458456e85b34187cca56b5da688323055c29ab6c790bf260d1","2026-08-01 22:09:20.13269"
1738,"Discounter","See","1588f6e0c4ec38458456e85b34187cca56b5da688323055c29ab6c790bf260d1","2026-08-01 22:09:19.985777"
1737,"Discounter","Freibad","1588f6e0c4ec38458456e85b34187cca56b5da688323055c29ab6c790bf260d1","2026-08-01 22:09:13.332123"
1736,"Discounter","Döner","1588f6e0c4ec38458456e85b34187cca56b5da688323055c29ab6c790bf260d1","2026-08-01 22:09:07.447188"
1735,"Discounter","Nachtleben","1588f6e0c4ec38458456e85b34187cca56b5da688323055c29ab6c790bf260d1","2026-08-01 22:09:04.246573"
1734,"Nachtleben","Späti","17169e17f195ae57ba3566dba45cbbbcafe79e00d678866c6e503f01be452fa9","2026-08-01 17:05:04.532682"
1733,"Späti","Park","17169e17f195ae57ba3566dba45cbbbcafe79e00d678866c6e503f01be452fa9","2026-08-01 17:05:03.065748"
1732,"Park","S-Bahn Haltestelle","17169e17f195ae57ba3566dba45cbbbcafe79e00d678866c6e503f01be452fa9","2026-08-01 17:05:01.851865"
1731,"Park","Döner","17169e17f195ae57ba3566dba45cbbbcafe79e00d678866c6e503f01be452fa9","2026-08-01 17:04:59.259831"
1730,"Park","Sportplätze","17169e17f195ae57ba3566dba45cbbbcafe79e00d678866c6e503f01be452fa9","2026-08-01 17:04:56.205948"
1729,"Park","Gym","17169e17f195ae57ba3566dba45cbbbcafe79e00d678866c6e503f01be452fa9","2026-08-01 17:04:54.83631"
1728,"Park","Freibad","17169e17f195ae57ba3566dba45cbbbcafe79e00d678866c6e503f01be452fa9","2026-08-01 17:04:53.437106"
1727,"Park","Innenstadt","17169e17f195ae57ba3566dba45cbbbcafe79e00d678866c6e503f01be452fa9","2026-08-01 17:04:51.619915"
1726,"Park","Bib","17169e17f195ae57ba3566dba45cbbbcafe79e00d678866c6e503f01be452fa9","2026-08-01 17:04:50.302897"
1725,"Park","Cafe","17169e17f195ae57ba3566dba45cbbbcafe79e00d678866c6e503f01be452fa9","2026-08-01 17:04:48.742739"
1724,"Cafe","Campus","17169e17f195ae57ba3566dba45cbbbcafe79e00d678866c6e503f01be452fa9","2026-08-01 17:04:46.712618"
1723,"Cafe","Discounter","17169e17f195ae57ba3566dba45cbbbcafe79e00d678866c6e503f01be452fa9","2026-08-01 17:04:44.557611"
1722,"Discounter","See","17169e17f195ae57ba3566dba45cbbbcafe79e00d678866c6e503f01be452fa9","2026-08-01 17:04:42.839869"
1721,"See","Mensa","17169e17f195ae57ba3566dba45cbbbcafe79e00d678866c6e503f01be452fa9","2026-08-01 17:04:38.344485"
1720,"See","Nachtleben","c347f77aea99309e8fe5d607f7b5d30362c25d9bfeb048c52fd849529e5c8215","2026-08-01 16:30:33.615615"
1719,"See","Cafe","c347f77aea99309e8fe5d607f7b5d30362c25d9bfeb048c52fd849529e5c8215","2026-08-01 16:30:32.183109"
1718,"See","Freibad","c347f77aea99309e8fe5d607f7b5d30362c25d9bfeb048c52fd849529e5c8215","2026-08-01 16:30:30.071438"
1717,"See","S-Bahn Haltestelle","c347f77aea99309e8fe5d607f7b5d30362c25d9bfeb048c52fd849529e5c8215","2026-08-01 16:30:27.319793"
1716,"See","Döner","c347f77aea99309e8fe5d607f7b5d30362c25d9bfeb048c52fd849529e5c8215","2026-08-01 16:30:24.226931"
1715,"See","Innenstadt","c347f77aea99309e8fe5d607f7b5d30362c25d9bfeb048c52fd849529e5c8215","2026-08-01 16:30:18.478834"
1714,"See","Späti","c347f77aea99309e8fe5d607f7b5d30362c25d9bfeb048c52fd849529e5c8215","2026-08-01 16:30:14.433137"
1713,"See","Park","c347f77aea99309e8fe5d607f7b5d30362c25d9bfeb048c52fd849529e5c8215","2026-08-01 16:30:12.746878"
1712,"See","Discounter","c347f77aea99309e8fe5d607f7b5d30362c25d9bfeb048c52fd849529e5c8215","2026-08-01 16:30:11.302897"
1711,"See","Campus","c347f77aea99309e8fe5d607f7b5d30362c25d9bfeb048c52fd849529e5c8215","2026-08-01 16:30:02.925959"
1710,"See","Sportplätze","c347f77aea99309e8fe5d607f7b5d30362c25d9bfeb048c52fd849529e5c8215","2026-08-01 16:29:53.36639"
1709,"See","Mensa","c347f77aea99309e8fe5d607f7b5d30362c25d9bfeb048c52fd849529e5c8215","2026-08-01 16:29:48.994355"
1708,"Mensa","Bib","c347f77aea99309e8fe5d607f7b5d30362c25d9bfeb048c52fd849529e5c8215","2026-08-01 16:29:46.462405"
1707,"Bib","Gym","c347f77aea99309e8fe5d607f7b5d30362c25d9bfeb048c52fd849529e5c8215","2026-08-01 16:29:43.302734"
1706,"Cafe","Nachtleben","d5976326602a3ea329ed16e1fc605ec5d3017ef59501ad0f1ffc9a1a0ae33113","2026-08-01 14:35:21.016818"
1705,"Cafe","Bib","d5976326602a3ea329ed16e1fc605ec5d3017ef59501ad0f1ffc9a1a0ae33113","2026-08-01 14:35:19.144191"
1704,"Cafe","Mensa","d5976326602a3ea329ed16e1fc605ec5d3017ef59501ad0f1ffc9a1a0ae33113","2026-08-01 14:35:16.817708"
1703,"Cafe","Discounter","d5976326602a3ea329ed16e1fc605ec5d3017ef59501ad0f1ffc9a1a0ae33113","2026-08-01 14:35:15.087596"
1702,"Discounter","S-Bahn Haltestelle","d5976326602a3ea329ed16e1fc605ec5d3017ef59501ad0f1ffc9a1a0ae33113","2026-08-01 14:35:13.677063"
1701,"Discounter","See","d5976326602a3ea329ed16e1fc605ec5d3017ef59501ad0f1ffc9a1a0ae33113","2026-08-01 14:35:11.240676"
1700,"Discounter","Sportplätze","d5976326602a3ea329ed16e1fc605ec5d3017ef59501ad0f1ffc9a1a0ae33113","2026-08-01 14:35:07.69402"
1699,"Discounter","Park","d5976326602a3ea329ed16e1fc605ec5d3017ef59501ad0f1ffc9a1a0ae33113","2026-08-01 14:35:03.050017"
1698,"Park","Campus","d5976326602a3ea329ed16e1fc605ec5d3017ef59501ad0f1ffc9a1a0ae33113","2026-08-01 14:34:54.884934"
1697,"Park","Späti","d5976326602a3ea329ed16e1fc605ec5d3017ef59501ad0f1ffc9a1a0ae33113","2026-08-01 14:34:48.936492"
1696,"Park","Döner","d5976326602a3ea329ed16e1fc605ec5d3017ef59501ad0f1ffc9a1a0ae33113","2026-08-01 14:34:47.292584"
1695,"Park","Innenstadt","d5976326602a3ea329ed16e1fc605ec5d3017ef59501ad0f1ffc9a1a0ae33113","2026-08-01 14:34:45.40112"
1694,"Park","Freibad","d5976326602a3ea329ed16e1fc605ec5d3017ef59501ad0f1ffc9a1a0ae33113","2026-08-01 14:34:42.24897"
1693,"Park","Gym","d5976326602a3ea329ed16e1fc605ec5d3017ef59501ad0f1ffc9a1a0ae33113","2026-08-01 14:34:37.916415"
1692,"Park","Cafe","acbfe639ff926d90c50423044a8f39af4ce6630da1b4cbb372b4604cdaa48ff3","2026-08-01 10:41:03.25733"
1691,"Park","Späti","acbfe639ff926d90c50423044a8f39af4ce6630da1b4cbb372b4604cdaa48ff3","2026-08-01 10:40:59.218955"
1690,"Park","See","acbfe639ff926d90c50423044a8f39af4ce6630da1b4cbb372b4604cdaa48ff3","2026-08-01 10:40:45.778472"
1689,"Park","Gym","acbfe639ff926d90c50423044a8f39af4ce6630da1b4cbb372b4604cdaa48ff3","2026-08-01 10:40:43.251885"
1688,"Park","Bib","acbfe639ff926d90c50423044a8f39af4ce6630da1b4cbb372b4604cdaa48ff3","2026-08-01 10:40:37.138491"
1687,"Park","Sportplätze","acbfe639ff926d90c50423044a8f39af4ce6630da1b4cbb372b4604cdaa48ff3","2026-08-01 10:40:35.352476"
1686,"Park","Innenstadt","acbfe639ff926d90c50423044a8f39af4ce6630da1b4cbb372b4604cdaa48ff3","2026-08-01 10:40:33.924382"
1685,"Park","Döner","acbfe639ff926d90c50423044a8f39af4ce6630da1b4cbb372b4604cdaa48ff3","2026-08-01 10:40:31.268942"
1684,"Park","Discounter","acbfe639ff926d90c50423044a8f39af4ce6630da1b4cbb372b4604cdaa48ff3","2026-08-01 10:40:28.788675"
1683,"Discounter","Freibad","acbfe639ff926d90c50423044a8f39af4ce6630da1b4cbb372b4604cdaa48ff3","2026-08-01 10:39:37.310061"
1682,"Discounter","Nachtleben","acbfe639ff926d90c50423044a8f39af4ce6630da1b4cbb372b4604cdaa48ff3","2026-08-01 10:39:35.075968"
1681,"Discounter","S-Bahn Haltestelle","acbfe639ff926d90c50423044a8f39af4ce6630da1b4cbb372b4604cdaa48ff3","2026-08-01 10:39:27.558347"
1680,"Discounter","Mensa","acbfe639ff926d90c50423044a8f39af4ce6630da1b4cbb372b4604cdaa48ff3","2026-08-01 10:39:21.692443"
1679,"Mensa","Campus","acbfe639ff926d90c50423044a8f39af4ce6630da1b4cbb372b4604cdaa48ff3","2026-08-01 10:39:17.215133"
1678,"See","Bib","7c0bfe40e3eb08d7b239c7862b305f88db472c712b7d14c4365e981bd2375fe2","2026-08-01 09:51:41.482904"
1677,"Bib","Park","7c0bfe40e3eb08d7b239c7862b305f88db472c712b7d14c4365e981bd2375fe2","2026-08-01 09:51:36.49351"
1676,"Park","Discounter","7c0bfe40e3eb08d7b239c7862b305f88db472c712b7d14c4365e981bd2375fe2","2026-08-01 09:51:33.886303"
1675,"Discounter","Döner","7c0bfe40e3eb08d7b239c7862b305f88db472c712b7d14c4365e981bd2375fe2","2026-08-01 09:51:21.077426"
1674,"Döner","Freibad","7c0bfe40e3eb08d7b239c7862b305f88db472c712b7d14c4365e981bd2375fe2","2026-08-01 09:51:19.129039"
1673,"Döner","Cafe","7c0bfe40e3eb08d7b239c7862b305f88db472c712b7d14c4365e981bd2375fe2","2026-08-01 09:51:16.656313"
1672,"Cafe","Mensa","7c0bfe40e3eb08d7b239c7862b305f88db472c712b7d14c4365e981bd2375fe2","2026-08-01 09:51:13.63176"
1671,"Cafe","Nachtleben","7c0bfe40e3eb08d7b239c7862b305f88db472c712b7d14c4365e981bd2375fe2","2026-08-01 09:51:03.024247"
1670,"Nachtleben","Späti","7c0bfe40e3eb08d7b239c7862b305f88db472c712b7d14c4365e981bd2375fe2","2026-08-01 09:51:01.205561"
1669,"Späti","S-Bahn Haltestelle","7c0bfe40e3eb08d7b239c7862b305f88db472c712b7d14c4365e981bd2375fe2","2026-08-01 09:50:59.37009"
1668,"S-Bahn Haltestelle","Gym","7c0bfe40e3eb08d7b239c7862b305f88db472c712b7d14c4365e981bd2375fe2","2026-08-01 09:50:57.312946"
1667,"S-Bahn Haltestelle","Innenstadt","7c0bfe40e3eb08d7b239c7862b305f88db472c712b7d14c4365e981bd2375fe2","2026-08-01 09:50:55.702797"
1666,"S-Bahn Haltestelle","Sportplätze","7c0bfe40e3eb08d7b239c7862b305f88db472c712b7d14c4365e981bd2375fe2","2026-08-01 09:50:52.366783"
1665,"Sportplätze","Campus","7c0bfe40e3eb08d7b239c7862b305f88db472c712b7d14c4365e981bd2375fe2","2026-08-01 09:50:42.699151"
1664,"See","Discounter","b1d42cf261fddb3820b02b8ae271610c2290480fb80658fd930ecf002decb405","2026-08-01 09:25:33.414125"
1663,"See","Campus","b1d42cf261fddb3820b02b8ae271610c2290480fb80658fd930ecf002decb405","2026-08-01 09:25:30.688824"
1662,"Campus","S-Bahn Haltestelle","b1d42cf261fddb3820b02b8ae271610c2290480fb80658fd930ecf002decb405","2026-08-01 09:25:27.301685"
1661,"Campus","Gym","b1d42cf261fddb3820b02b8ae271610c2290480fb80658fd930ecf002decb405","2026-08-01 09:25:25.530349"
1660,"Campus","Park","b1d42cf261fddb3820b02b8ae271610c2290480fb80658fd930ecf002decb405","2026-08-01 09:25:23.779344"
1659,"Park","Späti","b1d42cf261fddb3820b02b8ae271610c2290480fb80658fd930ecf002decb405","2026-08-01 09:25:21.380065"
1658,"Park","Mensa","b1d42cf261fddb3820b02b8ae271610c2290480fb80658fd930ecf002decb405","2026-08-01 09:25:20.202191"
1657,"Park","Innenstadt","b1d42cf261fddb3820b02b8ae271610c2290480fb80658fd930ecf002decb405","2026-08-01 09:25:18.709158"
1656,"Park","Cafe","b1d42cf261fddb3820b02b8ae271610c2290480fb80658fd930ecf002decb405","2026-08-01 09:25:17.021724"
1655,"Park","Freibad","b1d42cf261fddb3820b02b8ae271610c2290480fb80658fd930ecf002decb405","2026-08-01 09:25:15.738023"
1654,"Freibad","Sportplätze","b1d42cf261fddb3820b02b8ae271610c2290480fb80658fd930ecf002decb405","2026-08-01 09:25:13.986823"
1653,"Freibad","Bib","b1d42cf261fddb3820b02b8ae271610c2290480fb80658fd930ecf002decb405","2026-08-01 09:25:11.504974"
1652,"Bib","Nachtleben","b1d42cf261fddb3820b02b8ae271610c2290480fb80658fd930ecf002decb405","2026-08-01 09:25:10.018996"
1651,"Bib","Döner","b1d42cf261fddb3820b02b8ae271610c2290480fb80658fd930ecf002decb405","2026-08-01 09:25:06.606843"
1650,"Discounter","Sportplätze","3dd718574f81cfa8e0dbb01b9745e218fdc1c6d54023ce5a5f58b86c5f4a79b1","2026-08-01 08:53:09.15183"
1649,"Discounter","Sportplätze","3dd718574f81cfa8e0dbb01b9745e218fdc1c6d54023ce5a5f58b86c5f4a79b1","2026-08-01 08:53:04.63418"
1648,"Discounter","Mensa","3dd718574f81cfa8e0dbb01b9745e218fdc1c6d54023ce5a5f58b86c5f4a79b1","2026-08-01 08:53:03.657502"
1647,"Discounter","S-Bahn Haltestelle","3dd718574f81cfa8e0dbb01b9745e218fdc1c6d54023ce5a5f58b86c5f4a79b1","2026-08-01 08:53:03.459604"
1646,"Discounter","Campus","3dd718574f81cfa8e0dbb01b9745e218fdc1c6d54023ce5a5f58b86c5f4a79b1","2026-08-01 08:53:03.300583"
1645,"Discounter","Gym","3dd718574f81cfa8e0dbb01b9745e218fdc1c6d54023ce5a5f58b86c5f4a79b1","2026-08-01 08:53:02.683394"
1644,"Discounter","Bib","3dd718574f81cfa8e0dbb01b9745e218fdc1c6d54023ce5a5f58b86c5f4a79b1","2026-08-01 08:53:02.485156"
1643,"Discounter","Nachtleben","3dd718574f81cfa8e0dbb01b9745e218fdc1c6d54023ce5a5f58b86c5f4a79b1","2026-08-01 08:53:02.19581"
1642,"Discounter","See","3dd718574f81cfa8e0dbb01b9745e218fdc1c6d54023ce5a5f58b86c5f4a79b1","2026-08-01 08:53:01.759399"
1641,"Discounter","Döner","3dd718574f81cfa8e0dbb01b9745e218fdc1c6d54023ce5a5f58b86c5f4a79b1","2026-08-01 08:53:01.139634"
1640,"Discounter","Cafe","3dd718574f81cfa8e0dbb01b9745e218fdc1c6d54023ce5a5f58b86c5f4a79b1","2026-08-01 08:53:00.321828"
1639,"Discounter","Freibad","3dd718574f81cfa8e0dbb01b9745e218fdc1c6d54023ce5a5f58b86c5f4a79b1","2026-08-01 08:52:59.557541"
1638,"Discounter","Innenstadt","3dd718574f81cfa8e0dbb01b9745e218fdc1c6d54023ce5a5f58b86c5f4a79b1","2026-08-01 08:52:58.333423"
1637,"Discounter","Späti","3dd718574f81cfa8e0dbb01b9745e218fdc1c6d54023ce5a5f58b86c5f4a79b1","2026-08-01 08:52:56.141795"
1636,"Discounter","Park","3dd718574f81cfa8e0dbb01b9745e218fdc1c6d54023ce5a5f58b86c5f4a79b1","2026-08-01 08:52:53.243867"
1635,"Campus","Döner","3dd718574f81cfa8e0dbb01b9745e218fdc1c6d54023ce5a5f58b86c5f4a79b1","2026-08-01 07:39:43.111572"
1634,"Döner","Innenstadt","3dd718574f81cfa8e0dbb01b9745e218fdc1c6d54023ce5a5f58b86c5f4a79b1","2026-08-01 07:39:40.964042"
1633,"Innenstadt","Späti","3dd718574f81cfa8e0dbb01b9745e218fdc1c6d54023ce5a5f58b86c5f4a79b1","2026-08-01 07:39:38.668788"
1632,"Innenstadt","Bib","3dd718574f81cfa8e0dbb01b9745e218fdc1c6d54023ce5a5f58b86c5f4a79b1","2026-08-01 07:39:36.802748"
1631,"Innenstadt","Freibad","3dd718574f81cfa8e0dbb01b9745e218fdc1c6d54023ce5a5f58b86c5f4a79b1","2026-08-01 07:39:34.754377"
1630,"Innenstadt","See","3dd718574f81cfa8e0dbb01b9745e218fdc1c6d54023ce5a5f58b86c5f4a79b1","2026-08-01 07:39:30.525571"
1629,"See","Sportplätze","3dd718574f81cfa8e0dbb01b9745e218fdc1c6d54023ce5a5f58b86c5f4a79b1","2026-08-01 07:39:26.191161"
1628,"See","Discounter","3dd718574f81cfa8e0dbb01b9745e218fdc1c6d54023ce5a5f58b86c5f4a79b1","2026-08-01 07:39:23.689264"
1627,"Discounter","Cafe","3dd718574f81cfa8e0dbb01b9745e218fdc1c6d54023ce5a5f58b86c5f4a79b1","2026-08-01 07:39:22.502332"
1626,"Discounter","Park","3dd718574f81cfa8e0dbb01b9745e218fdc1c6d54023ce5a5f58b86c5f4a79b1","2026-08-01 07:39:19.168816"
1625,"Park","S-Bahn Haltestelle","3dd718574f81cfa8e0dbb01b9745e218fdc1c6d54023ce5a5f58b86c5f4a79b1","2026-08-01 07:39:16.413382"
1624,"S-Bahn Haltestelle","Nachtleben","3dd718574f81cfa8e0dbb01b9745e218fdc1c6d54023ce5a5f58b86c5f4a79b1","2026-08-01 07:39:14.880531"
1623,"S-Bahn Haltestelle","Mensa","3dd718574f81cfa8e0dbb01b9745e218fdc1c6d54023ce5a5f58b86c5f4a79b1","2026-08-01 07:39:09.234957"
1622,"Mensa","Gym","3dd718574f81cfa8e0dbb01b9745e218fdc1c6d54023ce5a5f58b86c5f4a79b1","2026-08-01 07:39:00.31582"
1621,"Innenstadt","Döner","1588f6e0c4ec38458456e85b34187cca56b5da688323055c29ab6c790bf260d1","2026-08-01 06:25:43.628786"
1620,"Innenstadt","Späti","1588f6e0c4ec38458456e85b34187cca56b5da688323055c29ab6c790bf260d1","2026-08-01 06:25:41.166565"
1619,"Innenstadt","Sportplätze","1588f6e0c4ec38458456e85b34187cca56b5da688323055c29ab6c790bf260d1","2026-08-01 06:25:38.305332"
1618,"Innenstadt","See","1588f6e0c4ec38458456e85b34187cca56b5da688323055c29ab6c790bf260d1","2026-08-01 06:25:36.398963"
1617,"See","Gym","1588f6e0c4ec38458456e85b34187cca56b5da688323055c29ab6c790bf260d1","2026-08-01 06:25:34.458645"
1616,"See","Campus","1588f6e0c4ec38458456e85b34187cca56b5da688323055c29ab6c790bf260d1","2026-08-01 06:25:32.289077"
1615,"See","Cafe","1588f6e0c4ec38458456e85b34187cca56b5da688323055c29ab6c790bf260d1","2026-08-01 06:25:30.237008"
1614,"Cafe","Discounter","1588f6e0c4ec38458456e85b34187cca56b5da688323055c29ab6c790bf260d1","2026-08-01 06:25:28.144656"
1613,"Discounter","Nachtleben","1588f6e0c4ec38458456e85b34187cca56b5da688323055c29ab6c790bf260d1","2026-08-01 06:25:26.156631"
1612,"Discounter","Park","1588f6e0c4ec38458456e85b34187cca56b5da688323055c29ab6c790bf260d1","2026-08-01 06:25:23.808662"
1611,"Park","Freibad","1588f6e0c4ec38458456e85b34187cca56b5da688323055c29ab6c790bf260d1","2026-08-01 06:25:20.818571"
1610,"Freibad","S-Bahn Haltestelle","1588f6e0c4ec38458456e85b34187cca56b5da688323055c29ab6c790bf260d1","2026-08-01 06:25:19.316656"
1609,"S-Bahn Haltestelle","Mensa","1588f6e0c4ec38458456e85b34187cca56b5da688323055c29ab6c790bf260d1","2026-08-01 06:25:16.885852"
1608,"S-Bahn Haltestelle","Bib","1588f6e0c4ec38458456e85b34187cca56b5da688323055c29ab6c790bf260d1","2026-08-01 06:25:11.566999"
1607,"Bib","Nachtleben","13827786e73103730d06bc50d57db83d8858cd42afa6f12a9f2c53c03911823f","2026-08-01 05:11:45.111926"
1606,"Nachtleben","Discounter","13827786e73103730d06bc50d57db83d8858cd42afa6f12a9f2c53c03911823f","2026-08-01 05:11:41.087472"
1605,"Discounter","S-Bahn Haltestelle","13827786e73103730d06bc50d57db83d8858cd42afa6f12a9f2c53c03911823f","2026-08-01 05:11:38.761504"
1604,"S-Bahn Haltestelle","Döner","13827786e73103730d06bc50d57db83d8858cd42afa6f12a9f2c53c03911823f","2026-08-01 05:11:34.772631"
1603,"Döner","Innenstadt","13827786e73103730d06bc50d57db83d8858cd42afa6f12a9f2c53c03911823f","2026-08-01 05:11:31.681428"
1602,"Döner","Gym","13827786e73103730d06bc50d57db83d8858cd42afa6f12a9f2c53c03911823f","2026-08-01 05:11:27.681871"
1601,"Döner","Park","13827786e73103730d06bc50d57db83d8858cd42afa6f12a9f2c53c03911823f","2026-08-01 05:11:22.722821"
1600,"Park","Campus","13827786e73103730d06bc50d57db83d8858cd42afa6f12a9f2c53c03911823f","2026-08-01 05:11:21.117112"
1599,"Park","Späti","13827786e73103730d06bc50d57db83d8858cd42afa6f12a9f2c53c03911823f","2026-08-01 05:11:18.596973"
1598,"Späti","See","13827786e73103730d06bc50d57db83d8858cd42afa6f12a9f2c53c03911823f","2026-08-01 05:11:16.297543"
1597,"Späti","Mensa","13827786e73103730d06bc50d57db83d8858cd42afa6f12a9f2c53c03911823f","2026-08-01 05:11:12.526787"
1596,"Späti","Sportplätze","13827786e73103730d06bc50d57db83d8858cd42afa6f12a9f2c53c03911823f","2026-08-01 05:11:10.167534"
1595,"Späti","Cafe","13827786e73103730d06bc50d57db83d8858cd42afa6f12a9f2c53c03911823f","2026-08-01 05:11:07.857015"
1594,"Cafe","Freibad","13827786e73103730d06bc50d57db83d8858cd42afa6f12a9f2c53c03911823f","2026-08-01 05:11:06.022143"
1593,"Cafe","Gym","17169e17f195ae57ba3566dba45cbbbcafe79e00d678866c6e503f01be452fa9","2026-07-31 23:53:01.983807"
1592,"Cafe","Gym","17169e17f195ae57ba3566dba45cbbbcafe79e00d678866c6e503f01be452fa9","2026-07-31 23:53:01.935869"
1591,"Cafe","Döner","17169e17f195ae57ba3566dba45cbbbcafe79e00d678866c6e503f01be452fa9","2026-07-31 23:52:58.888783"
1590,"Cafe","S-Bahn Haltestelle","17169e17f195ae57ba3566dba45cbbbcafe79e00d678866c6e503f01be452fa9","2026-07-31 23:52:56.180943"
1589,"Cafe","See","17169e17f195ae57ba3566dba45cbbbcafe79e00d678866c6e503f01be452fa9","2026-07-31 23:52:46.97542"
1588,"See","Innenstadt","17169e17f195ae57ba3566dba45cbbbcafe79e00d678866c6e503f01be452fa9","2026-07-31 23:52:45.290416"
1587,"See","Mensa","17169e17f195ae57ba3566dba45cbbbcafe79e00d678866c6e503f01be452fa9","2026-07-31 23:52:42.807487"
1586,"See","Park","17169e17f195ae57ba3566dba45cbbbcafe79e00d678866c6e503f01be452fa9","2026-07-31 23:52:42.653982"
1585,"See","Nachtleben","17169e17f195ae57ba3566dba45cbbbcafe79e00d678866c6e503f01be452fa9","2026-07-31 23:52:39.572593"
1584,"See","Bib","17169e17f195ae57ba3566dba45cbbbcafe79e00d678866c6e503f01be452fa9","2026-07-31 23:52:36.785742"
1583,"See","Campus","17169e17f195ae57ba3566dba45cbbbcafe79e00d678866c6e503f01be452fa9","2026-07-31 23:52:34.968452"
1582,"See","Discounter","17169e17f195ae57ba3566dba45cbbbcafe79e00d678866c6e503f01be452fa9","2026-07-31 23:52:33.082112"
1581,"See","Freibad","17169e17f195ae57ba3566dba45cbbbcafe79e00d678866c6e503f01be452fa9","2026-07-31 23:52:30.501573"
1580,"See","Späti","17169e17f195ae57ba3566dba45cbbbcafe79e00d678866c6e503f01be452fa9","2026-07-31 23:52:25.988328"
1579,"See","Discounter","bf77f4e166b5d281718c2aabe3c4a27b6769c8a88ec93221681fc3d01d469dcb","2026-07-31 23:13:13.218347"
1578,"Discounter","Sportplätze","bf77f4e166b5d281718c2aabe3c4a27b6769c8a88ec93221681fc3d01d469dcb","2026-07-31 23:13:04.26265"
1577,"Discounter","Döner","bf77f4e166b5d281718c2aabe3c4a27b6769c8a88ec93221681fc3d01d469dcb","2026-07-31 23:12:49.96372"
1576,"Discounter","Gym","bf77f4e166b5d281718c2aabe3c4a27b6769c8a88ec93221681fc3d01d469dcb","2026-07-31 23:12:47.020027"
1575,"Discounter","Bib","bf77f4e166b5d281718c2aabe3c4a27b6769c8a88ec93221681fc3d01d469dcb","2026-07-31 23:12:34.751333"
1574,"Bib","Freibad","bf77f4e166b5d281718c2aabe3c4a27b6769c8a88ec93221681fc3d01d469dcb","2026-07-31 23:12:29.128764"
1573,"Bib","Cafe","bf77f4e166b5d281718c2aabe3c4a27b6769c8a88ec93221681fc3d01d469dcb","2026-07-31 23:12:27.776005"
1572,"Bib","S-Bahn Haltestelle","bf77f4e166b5d281718c2aabe3c4a27b6769c8a88ec93221681fc3d01d469dcb","2026-07-31 23:12:25.419771"
1571,"S-Bahn Haltestelle","Nachtleben","bf77f4e166b5d281718c2aabe3c4a27b6769c8a88ec93221681fc3d01d469dcb","2026-07-31 23:12:23.303694"
1570,"S-Bahn Haltestelle","Innenstadt","bf77f4e166b5d281718c2aabe3c4a27b6769c8a88ec93221681fc3d01d469dcb","2026-07-31 23:12:21.160045"
1569,"Innenstadt","Campus","bf77f4e166b5d281718c2aabe3c4a27b6769c8a88ec93221681fc3d01d469dcb","2026-07-31 23:12:14.732006"
1568,"Innenstadt","Park","bf77f4e166b5d281718c2aabe3c4a27b6769c8a88ec93221681fc3d01d469dcb","2026-07-31 23:12:09.576008"
1567,"Innenstadt","Mensa","bf77f4e166b5d281718c2aabe3c4a27b6769c8a88ec93221681fc3d01d469dcb","2026-07-31 23:12:03.661884"
1566,"Innenstadt","Späti","bf77f4e166b5d281718c2aabe3c4a27b6769c8a88ec93221681fc3d01d469dcb","2026-07-31 23:11:57.948527"
1565,"Discounter","Freibad","e1ddae0071f9fbf6dd62d79f34a5613cbff7c8ee5f214bc2e66515ca5731bf60","2026-07-31 22:45:33.14599"
1564,"Discounter","See","e1ddae0071f9fbf6dd62d79f34a5613cbff7c8ee5f214bc2e66515ca5731bf60","2026-07-31 22:45:32.141198"
1563,"Discounter","Park","e1ddae0071f9fbf6dd62d79f34a5613cbff7c8ee5f214bc2e66515ca5731bf60","2026-07-31 22:45:30.929688"
1562,"Discounter","Nachtleben","e1ddae0071f9fbf6dd62d79f34a5613cbff7c8ee5f214bc2e66515ca5731bf60","2026-07-31 22:45:28.62977"
1561,"Discounter","Bib","e1ddae0071f9fbf6dd62d79f34a5613cbff7c8ee5f214bc2e66515ca5731bf60","2026-07-31 22:45:27.285992"
1560,"Discounter","Gym","e1ddae0071f9fbf6dd62d79f34a5613cbff7c8ee5f214bc2e66515ca5731bf60","2026-07-31 22:45:26.406658"
1559,"Discounter","Innenstadt","e1ddae0071f9fbf6dd62d79f34a5613cbff7c8ee5f214bc2e66515ca5731bf60","2026-07-31 22:45:25.32676"
1558,"Discounter","S-Bahn Haltestelle","e1ddae0071f9fbf6dd62d79f34a5613cbff7c8ee5f214bc2e66515ca5731bf60","2026-07-31 22:45:22.399891"
1557,"S-Bahn Haltestelle","Mensa","e1ddae0071f9fbf6dd62d79f34a5613cbff7c8ee5f214bc2e66515ca5731bf60","2026-07-31 22:45:20.427745"
1556,"S-Bahn Haltestelle","Sportplätze","e1ddae0071f9fbf6dd62d79f34a5613cbff7c8ee5f214bc2e66515ca5731bf60","2026-07-31 22:45:18.794687"
1555,"S-Bahn Haltestelle","Campus","e1ddae0071f9fbf6dd62d79f34a5613cbff7c8ee5f214bc2e66515ca5731bf60","2026-07-31 22:45:17.580899"
1554,"S-Bahn Haltestelle","Cafe","e1ddae0071f9fbf6dd62d79f34a5613cbff7c8ee5f214bc2e66515ca5731bf60","2026-07-31 22:45:14.671535"
1553,"S-Bahn Haltestelle","Döner","e1ddae0071f9fbf6dd62d79f34a5613cbff7c8ee5f214bc2e66515ca5731bf60","2026-07-31 22:45:13.435627"
1552,"Döner","Späti","e1ddae0071f9fbf6dd62d79f34a5613cbff7c8ee5f214bc2e66515ca5731bf60","2026-07-31 22:45:08.48707"
1551,"Park","Nachtleben","1588f6e0c4ec38458456e85b34187cca56b5da688323055c29ab6c790bf260d1","2026-07-31 22:42:55.233936"
1550,"Park","Freibad","1588f6e0c4ec38458456e85b34187cca56b5da688323055c29ab6c790bf260d1","2026-07-31 22:42:51.814539"
1549,"Park","Sportplätze","1588f6e0c4ec38458456e85b34187cca56b5da688323055c29ab6c790bf260d1","2026-07-31 22:42:50.412892"
1548,"Park","S-Bahn Haltestelle","1588f6e0c4ec38458456e85b34187cca56b5da688323055c29ab6c790bf260d1","2026-07-31 22:42:48.454125"
1547,"S-Bahn Haltestelle","Innenstadt","1588f6e0c4ec38458456e85b34187cca56b5da688323055c29ab6c790bf260d1","2026-07-31 22:42:46.06294"
1546,"S-Bahn Haltestelle","Mensa","1588f6e0c4ec38458456e85b34187cca56b5da688323055c29ab6c790bf260d1","2026-07-31 22:42:41.553111"
1545,"Mensa","Discounter","1588f6e0c4ec38458456e85b34187cca56b5da688323055c29ab6c790bf260d1","2026-07-31 22:42:35.451552"
1544,"Discounter","Campus","1588f6e0c4ec38458456e85b34187cca56b5da688323055c29ab6c790bf260d1","2026-07-31 22:42:33.853249"
1543,"Campus","Bib","1588f6e0c4ec38458456e85b34187cca56b5da688323055c29ab6c790bf260d1","2026-07-31 22:42:30.109737"
1542,"Bib","Späti","1588f6e0c4ec38458456e85b34187cca56b5da688323055c29ab6c790bf260d1","2026-07-31 22:42:27.183516"
1541,"Bib","See","1588f6e0c4ec38458456e85b34187cca56b5da688323055c29ab6c790bf260d1","2026-07-31 22:42:24.382605"
1540,"Bib","Döner","1588f6e0c4ec38458456e85b34187cca56b5da688323055c29ab6c790bf260d1","2026-07-31 22:42:16.941239"
1539,"Bib","Gym","1588f6e0c4ec38458456e85b34187cca56b5da688323055c29ab6c790bf260d1","2026-07-31 22:42:14.972662"
1538,"Gym","Cafe","1588f6e0c4ec38458456e85b34187cca56b5da688323055c29ab6c790bf260d1","2026-07-31 22:42:10.713728"
1537,"Park","See","bf77f4e166b5d281718c2aabe3c4a27b6769c8a88ec93221681fc3d01d469dcb","2026-07-31 18:05:00.163449"
1536,"Park","Campus","bf77f4e166b5d281718c2aabe3c4a27b6769c8a88ec93221681fc3d01d469dcb","2026-07-31 18:04:59.992896"
1535,"Park","Gym","bf77f4e166b5d281718c2aabe3c4a27b6769c8a88ec93221681fc3d01d469dcb","2026-07-31 18:04:59.835052"
1534,"Park","S-Bahn Haltestelle","bf77f4e166b5d281718c2aabe3c4a27b6769c8a88ec93221681fc3d01d469dcb","2026-07-31 18:04:59.676411"
1533,"Park","Bib","bf77f4e166b5d281718c2aabe3c4a27b6769c8a88ec93221681fc3d01d469dcb","2026-07-31 18:04:59.514944"
1532,"Park","Sportplätze","bf77f4e166b5d281718c2aabe3c4a27b6769c8a88ec93221681fc3d01d469dcb","2026-07-31 18:04:59.355864"
1531,"Park","Discounter","bf77f4e166b5d281718c2aabe3c4a27b6769c8a88ec93221681fc3d01d469dcb","2026-07-31 18:04:59.216013"
1530,"Park","Döner","bf77f4e166b5d281718c2aabe3c4a27b6769c8a88ec93221681fc3d01d469dcb","2026-07-31 18:04:59.047286"
1529,"Park","Späti","bf77f4e166b5d281718c2aabe3c4a27b6769c8a88ec93221681fc3d01d469dcb","2026-07-31 18:04:58.878605"
1528,"Park","Innenstadt","bf77f4e166b5d281718c2aabe3c4a27b6769c8a88ec93221681fc3d01d469dcb","2026-07-31 18:04:58.731245"
1527,"Park","Nachtleben","bf77f4e166b5d281718c2aabe3c4a27b6769c8a88ec93221681fc3d01d469dcb","2026-07-31 18:04:58.382184"
1526,"Nachtleben","Mensa","bf77f4e166b5d281718c2aabe3c4a27b6769c8a88ec93221681fc3d01d469dcb","2026-07-31 18:04:57.59719"
1525,"Mensa","Cafe","bf77f4e166b5d281718c2aabe3c4a27b6769c8a88ec93221681fc3d01d469dcb","2026-07-31 18:04:56.208992"
1524,"Mensa","Freibad","bf77f4e166b5d281718c2aabe3c4a27b6769c8a88ec93221681fc3d01d469dcb","2026-07-31 18:04:54.730736"
1523,"Discounter","Park","ae5387f5fdb5e7100370d924a1dbf6d45ee645cd9beb7973b685b333e6044e78","2026-07-31 17:52:03.406958"
1522,"Discounter","Späti","ae5387f5fdb5e7100370d924a1dbf6d45ee645cd9beb7973b685b333e6044e78","2026-07-31 17:52:00.203474"
1521,"Späti","Döner","ae5387f5fdb5e7100370d924a1dbf6d45ee645cd9beb7973b685b333e6044e78","2026-07-31 17:51:57.70121"
1520,"Döner","Mensa","ae5387f5fdb5e7100370d924a1dbf6d45ee645cd9beb7973b685b333e6044e78","2026-07-31 17:51:54.75443"
1519,"Döner","Innenstadt","ae5387f5fdb5e7100370d924a1dbf6d45ee645cd9beb7973b685b333e6044e78","2026-07-31 17:51:52.960486"
1518,"Döner","See","ae5387f5fdb5e7100370d924a1dbf6d45ee645cd9beb7973b685b333e6044e78","2026-07-31 17:51:51.059546"
1517,"Döner","Cafe","ae5387f5fdb5e7100370d924a1dbf6d45ee645cd9beb7973b685b333e6044e78","2026-07-31 17:51:49.459165"
1516,"Döner","Sportplätze","ae5387f5fdb5e7100370d924a1dbf6d45ee645cd9beb7973b685b333e6044e78","2026-07-31 17:51:46.370931"
1515,"Sportplätze","Campus","ae5387f5fdb5e7100370d924a1dbf6d45ee645cd9beb7973b685b333e6044e78","2026-07-31 17:51:43.738147"
1514,"Sportplätze","Freibad","ae5387f5fdb5e7100370d924a1dbf6d45ee645cd9beb7973b685b333e6044e78","2026-07-31 17:51:40.870107"
1513,"Sportplätze","Bib","ae5387f5fdb5e7100370d924a1dbf6d45ee645cd9beb7973b685b333e6044e78","2026-07-31 17:51:38.839598"
1512,"Bib","S-Bahn Haltestelle","ae5387f5fdb5e7100370d924a1dbf6d45ee645cd9beb7973b685b333e6044e78","2026-07-31 17:51:36.042175"
1511,"S-Bahn Haltestelle","Nachtleben","ae5387f5fdb5e7100370d924a1dbf6d45ee645cd9beb7973b685b333e6044e78","2026-07-31 17:51:29.967385"
1510,"Nachtleben","Gym","ae5387f5fdb5e7100370d924a1dbf6d45ee645cd9beb7973b685b333e6044e78","2026-07-31 17:51:26.451338"
1509,"Campus","Freibad","7b01eac1dc8d86f4dbfa5f7130b0d538449eeba65d92e2cdde60b6236f61977d","2026-07-31 16:29:11.180728"
1508,"Campus","Park","7b01eac1dc8d86f4dbfa5f7130b0d538449eeba65d92e2cdde60b6236f61977d","2026-07-31 16:29:09.57789"
1507,"Campus","Nachtleben","7b01eac1dc8d86f4dbfa5f7130b0d538449eeba65d92e2cdde60b6236f61977d","2026-07-31 16:29:08.215565"
1506,"Nachtleben","Mensa","7b01eac1dc8d86f4dbfa5f7130b0d538449eeba65d92e2cdde60b6236f61977d","2026-07-31 16:29:06.343324"
1505,"Mensa","Discounter","7b01eac1dc8d86f4dbfa5f7130b0d538449eeba65d92e2cdde60b6236f61977d","2026-07-31 16:29:04.948656"
1504,"Mensa","Döner","7b01eac1dc8d86f4dbfa5f7130b0d538449eeba65d92e2cdde60b6236f61977d","2026-07-31 16:29:03.248585"
1503,"Mensa","Bib","7b01eac1dc8d86f4dbfa5f7130b0d538449eeba65d92e2cdde60b6236f61977d","2026-07-31 16:29:01.236276"
1502,"Mensa","Sportplätze","7b01eac1dc8d86f4dbfa5f7130b0d538449eeba65d92e2cdde60b6236f61977d","2026-07-31 16:28:59.475602"
1501,"Sportplätze","S-Bahn Haltestelle","7b01eac1dc8d86f4dbfa5f7130b0d538449eeba65d92e2cdde60b6236f61977d","2026-07-31 16:28:57.501104"
1500,"S-Bahn Haltestelle","Späti","7b01eac1dc8d86f4dbfa5f7130b0d538449eeba65d92e2cdde60b6236f61977d","2026-07-31 16:28:55.265619"
1499,"Späti","Cafe","7b01eac1dc8d86f4dbfa5f7130b0d538449eeba65d92e2cdde60b6236f61977d","2026-07-31 16:28:53.548121"
1498,"Späti","See","7b01eac1dc8d86f4dbfa5f7130b0d538449eeba65d92e2cdde60b6236f61977d","2026-07-31 16:28:48.245406"
1497,"Späti","Innenstadt","7b01eac1dc8d86f4dbfa5f7130b0d538449eeba65d92e2cdde60b6236f61977d","2026-07-31 16:28:43.393612"
1496,"Innenstadt","Gym","7b01eac1dc8d86f4dbfa5f7130b0d538449eeba65d92e2cdde60b6236f61977d","2026-07-31 16:28:36.43142"
1495,"Döner","Campus","13827786e73103730d06bc50d57db83d8858cd42afa6f12a9f2c53c03911823f","2026-07-31 10:43:09.988646"
1494,"Campus","Späti","13827786e73103730d06bc50d57db83d8858cd42afa6f12a9f2c53c03911823f","2026-07-31 10:43:08.622444"
1493,"Campus","Innenstadt","13827786e73103730d06bc50d57db83d8858cd42afa6f12a9f2c53c03911823f","2026-07-31 10:43:07.301753"
1492,"Campus","Park","13827786e73103730d06bc50d57db83d8858cd42afa6f12a9f2c53c03911823f","2026-07-31 10:43:03.946843"
1491,"Campus","Freibad","13827786e73103730d06bc50d57db83d8858cd42afa6f12a9f2c53c03911823f","2026-07-31 10:43:00.215563"
1490,"Campus","See","13827786e73103730d06bc50d57db83d8858cd42afa6f12a9f2c53c03911823f","2026-07-31 10:42:58.77905"
1489,"Campus","S-Bahn Haltestelle","13827786e73103730d06bc50d57db83d8858cd42afa6f12a9f2c53c03911823f","2026-07-31 10:42:56.573836"
1488,"Campus","Nachtleben","13827786e73103730d06bc50d57db83d8858cd42afa6f12a9f2c53c03911823f","2026-07-31 10:42:54.291347"
1487,"Campus","Discounter","13827786e73103730d06bc50d57db83d8858cd42afa6f12a9f2c53c03911823f","2026-07-31 10:42:52.573564"
1486,"Discounter","Mensa","13827786e73103730d06bc50d57db83d8858cd42afa6f12a9f2c53c03911823f","2026-07-31 10:42:50.640398"
1485,"Mensa","Bib","13827786e73103730d06bc50d57db83d8858cd42afa6f12a9f2c53c03911823f","2026-07-31 10:42:42.862727"
1484,"Bib","Gym","13827786e73103730d06bc50d57db83d8858cd42afa6f12a9f2c53c03911823f","2026-07-31 10:42:39.878268"
1483,"Bib","Cafe","13827786e73103730d06bc50d57db83d8858cd42afa6f12a9f2c53c03911823f","2026-07-31 10:42:38.483196"
1482,"Bib","Sportplätze","13827786e73103730d06bc50d57db83d8858cd42afa6f12a9f2c53c03911823f","2026-07-31 10:42:35.47399"
1481,"Bib","Innenstadt","13827786e73103730d06bc50d57db83d8858cd42afa6f12a9f2c53c03911823f","2026-07-31 08:11:38.993259"
1480,"Bib","Sportplätze","13827786e73103730d06bc50d57db83d8858cd42afa6f12a9f2c53c03911823f","2026-07-31 08:11:36.487323"
1479,"Bib","Späti","13827786e73103730d06bc50d57db83d8858cd42afa6f12a9f2c53c03911823f","2026-07-31 08:11:34.292705"
1478,"Bib","Campus","13827786e73103730d06bc50d57db83d8858cd42afa6f12a9f2c53c03911823f","2026-07-31 08:11:33.057409"
1477,"Campus","Mensa","13827786e73103730d06bc50d57db83d8858cd42afa6f12a9f2c53c03911823f","2026-07-31 08:11:31.822653"
1476,"Mensa","Discounter","13827786e73103730d06bc50d57db83d8858cd42afa6f12a9f2c53c03911823f","2026-07-31 08:11:27.827933"
1475,"Mensa","S-Bahn Haltestelle","13827786e73103730d06bc50d57db83d8858cd42afa6f12a9f2c53c03911823f","2026-07-31 08:11:26.437604"
1474,"S-Bahn Haltestelle","Park","13827786e73103730d06bc50d57db83d8858cd42afa6f12a9f2c53c03911823f","2026-07-31 08:10:51.125648"
1473,"Park","Döner","13827786e73103730d06bc50d57db83d8858cd42afa6f12a9f2c53c03911823f","2026-07-31 08:10:49.079976"
1472,"Park","Freibad","13827786e73103730d06bc50d57db83d8858cd42afa6f12a9f2c53c03911823f","2026-07-31 08:10:46.004953"
1471,"Park","Cafe","13827786e73103730d06bc50d57db83d8858cd42afa6f12a9f2c53c03911823f","2026-07-31 08:10:33.784912"
1470,"Cafe","Nachtleben","13827786e73103730d06bc50d57db83d8858cd42afa6f12a9f2c53c03911823f","2026-07-31 08:10:32.265408"
1469,"Nachtleben","Gym","13827786e73103730d06bc50d57db83d8858cd42afa6f12a9f2c53c03911823f","2026-07-31 08:10:29.335009"
1468,"Nachtleben","See","13827786e73103730d06bc50d57db83d8858cd42afa6f12a9f2c53c03911823f","2026-07-31 08:10:26.794489"
1467,"Campus","Gym","b1d42cf261fddb3820b02b8ae271610c2290480fb80658fd930ecf002decb405","2026-07-31 06:30:53.922089"
1466,"Campus","See","b1d42cf261fddb3820b02b8ae271610c2290480fb80658fd930ecf002decb405","2026-07-31 06:30:51.850001"
1465,"Campus","Cafe","b1d42cf261fddb3820b02b8ae271610c2290480fb80658fd930ecf002decb405","2026-07-31 06:30:50.71575"
1464,"Campus","Mensa","b1d42cf261fddb3820b02b8ae271610c2290480fb80658fd930ecf002decb405","2026-07-31 06:30:48.485878"
1463,"Campus","Döner","b1d42cf261fddb3820b02b8ae271610c2290480fb80658fd930ecf002decb405","2026-07-31 06:30:38.250025"
1462,"Campus","S-Bahn Haltestelle","b1d42cf261fddb3820b02b8ae271610c2290480fb80658fd930ecf002decb405","2026-07-31 06:30:34.084076"
1461,"Campus","Späti","b1d42cf261fddb3820b02b8ae271610c2290480fb80658fd930ecf002decb405","2026-07-31 06:30:32.537902"
1460,"Campus","Nachtleben","b1d42cf261fddb3820b02b8ae271610c2290480fb80658fd930ecf002decb405","2026-07-31 06:30:30.489246"
1459,"Nachtleben","Park","b1d42cf261fddb3820b02b8ae271610c2290480fb80658fd930ecf002decb405","2026-07-31 06:30:28.612551"
1458,"Park","Innenstadt","b1d42cf261fddb3820b02b8ae271610c2290480fb80658fd930ecf002decb405","2026-07-31 06:30:23.833281"
1457,"Innenstadt","Bib","b1d42cf261fddb3820b02b8ae271610c2290480fb80658fd930ecf002decb405","2026-07-31 06:30:21.512963"
1456,"Bib","Sportplätze","b1d42cf261fddb3820b02b8ae271610c2290480fb80658fd930ecf002decb405","2026-07-31 06:30:17.822"
1455,"Bib","Discounter","b1d42cf261fddb3820b02b8ae271610c2290480fb80658fd930ecf002decb405","2026-07-31 06:30:15.59255"
1454,"Discounter","Freibad","b1d42cf261fddb3820b02b8ae271610c2290480fb80658fd930ecf002decb405","2026-07-31 06:30:05.071996"
1453,"See","Döner","d5976326602a3ea329ed16e1fc605ec5d3017ef59501ad0f1ffc9a1a0ae33113","2026-07-30 21:10:36.227718"
1452,"See","Freibad","d5976326602a3ea329ed16e1fc605ec5d3017ef59501ad0f1ffc9a1a0ae33113","2026-07-30 21:10:32.875586"
1451,"Freibad","Mensa","d5976326602a3ea329ed16e1fc605ec5d3017ef59501ad0f1ffc9a1a0ae33113","2026-07-30 21:10:29.835751"
1450,"Mensa","Park","d5976326602a3ea329ed16e1fc605ec5d3017ef59501ad0f1ffc9a1a0ae33113","2026-07-30 21:10:26.755099"
1449,"Park","Späti","d5976326602a3ea329ed16e1fc605ec5d3017ef59501ad0f1ffc9a1a0ae33113","2026-07-30 21:10:17.715027"
1448,"Park","Bib","d5976326602a3ea329ed16e1fc605ec5d3017ef59501ad0f1ffc9a1a0ae33113","2026-07-30 21:10:03.769944"
1447,"Park","Innenstadt","d5976326602a3ea329ed16e1fc605ec5d3017ef59501ad0f1ffc9a1a0ae33113","2026-07-30 21:10:01.094444"
1446,"Park","Sportplätze","d5976326602a3ea329ed16e1fc605ec5d3017ef59501ad0f1ffc9a1a0ae33113","2026-07-30 21:09:58.429519"
1445,"Park","Discounter","d5976326602a3ea329ed16e1fc605ec5d3017ef59501ad0f1ffc9a1a0ae33113","2026-07-30 21:09:55.153925"
1444,"Park","Campus","d5976326602a3ea329ed16e1fc605ec5d3017ef59501ad0f1ffc9a1a0ae33113","2026-07-30 21:09:51.789751"
1443,"Park","Cafe","d5976326602a3ea329ed16e1fc605ec5d3017ef59501ad0f1ffc9a1a0ae33113","2026-07-30 21:09:46.349478"
1442,"Park","Gym","d5976326602a3ea329ed16e1fc605ec5d3017ef59501ad0f1ffc9a1a0ae33113","2026-07-30 21:09:37.817626"
1441,"Park","S-Bahn Haltestelle","d5976326602a3ea329ed16e1fc605ec5d3017ef59501ad0f1ffc9a1a0ae33113","2026-07-30 21:09:34.68271"
1440,"S-Bahn Haltestelle","Nachtleben","d5976326602a3ea329ed16e1fc605ec5d3017ef59501ad0f1ffc9a1a0ae33113","2026-07-30 21:08:56.056698"
1439,"Nachtleben","Sportplätze","d5976326602a3ea329ed16e1fc605ec5d3017ef59501ad0f1ffc9a1a0ae33113","2026-07-30 16:51:37.696136"
1438,"Nachtleben","Gym","d5976326602a3ea329ed16e1fc605ec5d3017ef59501ad0f1ffc9a1a0ae33113","2026-07-30 16:51:37.342784"
1437,"Nachtleben","Mensa","d5976326602a3ea329ed16e1fc605ec5d3017ef59501ad0f1ffc9a1a0ae33113","2026-07-30 16:51:37.188954"
1436,"Nachtleben","See","d5976326602a3ea329ed16e1fc605ec5d3017ef59501ad0f1ffc9a1a0ae33113","2026-07-30 16:51:37.058792"
1435,"Nachtleben","Bib","d5976326602a3ea329ed16e1fc605ec5d3017ef59501ad0f1ffc9a1a0ae33113","2026-07-30 16:51:36.885035"
1434,"Nachtleben","Park","d5976326602a3ea329ed16e1fc605ec5d3017ef59501ad0f1ffc9a1a0ae33113","2026-07-30 16:51:36.733197"
1433,"Nachtleben","Döner","d5976326602a3ea329ed16e1fc605ec5d3017ef59501ad0f1ffc9a1a0ae33113","2026-07-30 16:51:36.603158"
1432,"Nachtleben","Discounter","d5976326602a3ea329ed16e1fc605ec5d3017ef59501ad0f1ffc9a1a0ae33113","2026-07-30 16:51:36.453122"
1431,"Nachtleben","Campus","d5976326602a3ea329ed16e1fc605ec5d3017ef59501ad0f1ffc9a1a0ae33113","2026-07-30 16:51:36.292117"
1430,"Nachtleben","Cafe","d5976326602a3ea329ed16e1fc605ec5d3017ef59501ad0f1ffc9a1a0ae33113","2026-07-30 16:51:36.075167"
1429,"Nachtleben","Späti","d5976326602a3ea329ed16e1fc605ec5d3017ef59501ad0f1ffc9a1a0ae33113","2026-07-30 16:51:35.755812"
1428,"Nachtleben","Innenstadt","d5976326602a3ea329ed16e1fc605ec5d3017ef59501ad0f1ffc9a1a0ae33113","2026-07-30 16:51:35.591887"
1427,"Nachtleben","S-Bahn Haltestelle","d5976326602a3ea329ed16e1fc605ec5d3017ef59501ad0f1ffc9a1a0ae33113","2026-07-30 16:51:35.193847"
1426,"Nachtleben","Freibad","d5976326602a3ea329ed16e1fc605ec5d3017ef59501ad0f1ffc9a1a0ae33113","2026-07-30 16:51:34.583927"
1425,"Mensa","Campus","d5976326602a3ea329ed16e1fc605ec5d3017ef59501ad0f1ffc9a1a0ae33113","2026-07-30 16:51:19.840481"
1424,"Campus","Sportplätze","d5976326602a3ea329ed16e1fc605ec5d3017ef59501ad0f1ffc9a1a0ae33113","2026-07-30 16:51:18.961189"
1423,"Sportplätze","Cafe","d5976326602a3ea329ed16e1fc605ec5d3017ef59501ad0f1ffc9a1a0ae33113","2026-07-30 16:51:17.580193"
1422,"Cafe","Nachtleben","d5976326602a3ea329ed16e1fc605ec5d3017ef59501ad0f1ffc9a1a0ae33113","2026-07-30 16:51:16.54107"
1421,"Nachtleben","Gym","d5976326602a3ea329ed16e1fc605ec5d3017ef59501ad0f1ffc9a1a0ae33113","2026-07-30 16:51:15.091276"
1420,"Nachtleben","S-Bahn Haltestelle","d5976326602a3ea329ed16e1fc605ec5d3017ef59501ad0f1ffc9a1a0ae33113","2026-07-30 16:51:13.742195"
1419,"Nachtleben","Park","d5976326602a3ea329ed16e1fc605ec5d3017ef59501ad0f1ffc9a1a0ae33113","2026-07-30 16:51:11.848413"
1418,"Park","Freibad","d5976326602a3ea329ed16e1fc605ec5d3017ef59501ad0f1ffc9a1a0ae33113","2026-07-30 16:50:41.089181"
1417,"Freibad","Döner","d5976326602a3ea329ed16e1fc605ec5d3017ef59501ad0f1ffc9a1a0ae33113","2026-07-30 16:50:39.478421"
1416,"Döner","Späti","d5976326602a3ea329ed16e1fc605ec5d3017ef59501ad0f1ffc9a1a0ae33113","2026-07-30 16:50:38.110888"
1415,"Späti","Discounter","d5976326602a3ea329ed16e1fc605ec5d3017ef59501ad0f1ffc9a1a0ae33113","2026-07-30 16:50:35.501554"
1414,"Discounter","See","d5976326602a3ea329ed16e1fc605ec5d3017ef59501ad0f1ffc9a1a0ae33113","2026-07-30 16:50:32.102423"
1413,"See","Innenstadt","d5976326602a3ea329ed16e1fc605ec5d3017ef59501ad0f1ffc9a1a0ae33113","2026-07-30 16:50:30.722142"
1412,"Innenstadt","Bib","d5976326602a3ea329ed16e1fc605ec5d3017ef59501ad0f1ffc9a1a0ae33113","2026-07-30 16:50:29.619276"
1411,"Freibad","Cafe","d5976326602a3ea329ed16e1fc605ec5d3017ef59501ad0f1ffc9a1a0ae33113","2026-07-30 16:50:13.726277"
1410,"Freibad","Gym","d5976326602a3ea329ed16e1fc605ec5d3017ef59501ad0f1ffc9a1a0ae33113","2026-07-30 16:50:13.131929"
1409,"Freibad","See","d5976326602a3ea329ed16e1fc605ec5d3017ef59501ad0f1ffc9a1a0ae33113","2026-07-30 16:50:12.882752"
1408,"Freibad","Campus","d5976326602a3ea329ed16e1fc605ec5d3017ef59501ad0f1ffc9a1a0ae33113","2026-07-30 16:50:12.373843"
1407,"Freibad","Innenstadt","d5976326602a3ea329ed16e1fc605ec5d3017ef59501ad0f1ffc9a1a0ae33113","2026-07-30 16:50:11.814104"
1406,"Freibad","Nachtleben","d5976326602a3ea329ed16e1fc605ec5d3017ef59501ad0f1ffc9a1a0ae33113","2026-07-30 16:50:11.449737"
1405,"Freibad","Mensa","d5976326602a3ea329ed16e1fc605ec5d3017ef59501ad0f1ffc9a1a0ae33113","2026-07-30 16:50:11.041127"
1404,"Freibad","Park","d5976326602a3ea329ed16e1fc605ec5d3017ef59501ad0f1ffc9a1a0ae33113","2026-07-30 16:50:10.860039"
1403,"Freibad","Bib","d5976326602a3ea329ed16e1fc605ec5d3017ef59501ad0f1ffc9a1a0ae33113","2026-07-30 16:50:10.454461"
1402,"Freibad","Sportplätze","d5976326602a3ea329ed16e1fc605ec5d3017ef59501ad0f1ffc9a1a0ae33113","2026-07-30 16:50:09.900002"
1401,"Freibad","S-Bahn Haltestelle","d5976326602a3ea329ed16e1fc605ec5d3017ef59501ad0f1ffc9a1a0ae33113","2026-07-30 16:50:09.358412"
1400,"Freibad","Späti","d5976326602a3ea329ed16e1fc605ec5d3017ef59501ad0f1ffc9a1a0ae33113","2026-07-30 16:50:08.544068"
1399,"Freibad","Discounter","d5976326602a3ea329ed16e1fc605ec5d3017ef59501ad0f1ffc9a1a0ae33113","2026-07-30 16:50:07.49047"
1398,"Discounter","Döner","d5976326602a3ea329ed16e1fc605ec5d3017ef59501ad0f1ffc9a1a0ae33113","2026-07-30 16:50:06.133848"
1397,"See","Späti","0b594e30582b08cb0f3be09c00a0ff5ab0fdb0e741c2f4d16a0eb5cc417ff59c","2026-07-29 20:03:40.821633"
1396,"See","S-Bahn Haltestelle","0b594e30582b08cb0f3be09c00a0ff5ab0fdb0e741c2f4d16a0eb5cc417ff59c","2026-07-29 20:03:40.085244"
1395,"See","Innenstadt","0b594e30582b08cb0f3be09c00a0ff5ab0fdb0e741c2f4d16a0eb5cc417ff59c","2026-07-29 20:03:39.312667"
1394,"See","Campus","0b594e30582b08cb0f3be09c00a0ff5ab0fdb0e741c2f4d16a0eb5cc417ff59c","2026-07-29 20:03:38.493309"
1393,"See","Discounter","0b594e30582b08cb0f3be09c00a0ff5ab0fdb0e741c2f4d16a0eb5cc417ff59c","2026-07-29 20:03:36.478096"
1392,"See","Mensa","0b594e30582b08cb0f3be09c00a0ff5ab0fdb0e741c2f4d16a0eb5cc417ff59c","2026-07-29 20:03:35.16094"
1391,"See","Döner","0b594e30582b08cb0f3be09c00a0ff5ab0fdb0e741c2f4d16a0eb5cc417ff59c","2026-07-29 20:03:33.95098"
1390,"See","Nachtleben","0b594e30582b08cb0f3be09c00a0ff5ab0fdb0e741c2f4d16a0eb5cc417ff59c","2026-07-29 20:03:32.255261"
1389,"See","Park","0b594e30582b08cb0f3be09c00a0ff5ab0fdb0e741c2f4d16a0eb5cc417ff59c","2026-07-29 20:03:29.97449"
1388,"See","Bib","0b594e30582b08cb0f3be09c00a0ff5ab0fdb0e741c2f4d16a0eb5cc417ff59c","2026-07-29 20:03:26.809852"
1387,"See","Sportplätze","0b594e30582b08cb0f3be09c00a0ff5ab0fdb0e741c2f4d16a0eb5cc417ff59c","2026-07-29 20:03:25.110171"
1386,"See","Cafe","0b594e30582b08cb0f3be09c00a0ff5ab0fdb0e741c2f4d16a0eb5cc417ff59c","2026-07-29 20:03:23.514416"
1385,"Cafe","Gym","0b594e30582b08cb0f3be09c00a0ff5ab0fdb0e741c2f4d16a0eb5cc417ff59c","2026-07-29 20:03:21.712059"
1384,"Cafe","Freibad","0b594e30582b08cb0f3be09c00a0ff5ab0fdb0e741c2f4d16a0eb5cc417ff59c","2026-07-29 20:03:18.830417"
1383,"S-Bahn Haltestelle","Döner","bf77f4e166b5d281718c2aabe3c4a27b6769c8a88ec93221681fc3d01d469dcb","2026-07-29 19:59:12.671181"
1382,"Döner","Nachtleben","bf77f4e166b5d281718c2aabe3c4a27b6769c8a88ec93221681fc3d01d469dcb","2026-07-29 19:59:09.838066"
1381,"Döner","Gym","bf77f4e166b5d281718c2aabe3c4a27b6769c8a88ec93221681fc3d01d469dcb","2026-07-29 19:59:08.165594"
1380,"Döner","Cafe","bf77f4e166b5d281718c2aabe3c4a27b6769c8a88ec93221681fc3d01d469dcb","2026-07-29 19:59:04.022956"
1379,"Cafe","Bib","bf77f4e166b5d281718c2aabe3c4a27b6769c8a88ec93221681fc3d01d469dcb","2026-07-29 19:59:02.773422"
1378,"Cafe","Innenstadt","bf77f4e166b5d281718c2aabe3c4a27b6769c8a88ec93221681fc3d01d469dcb","2026-07-29 19:59:01.155478"
1377,"Cafe","Mensa","bf77f4e166b5d281718c2aabe3c4a27b6769c8a88ec93221681fc3d01d469dcb","2026-07-29 19:58:57.252232"
1376,"Cafe","Park","bf77f4e166b5d281718c2aabe3c4a27b6769c8a88ec93221681fc3d01d469dcb","2026-07-29 19:58:56.031764"
1375,"Park","See","bf77f4e166b5d281718c2aabe3c4a27b6769c8a88ec93221681fc3d01d469dcb","2026-07-29 19:58:44.753456"
1374,"Park","Campus","bf77f4e166b5d281718c2aabe3c4a27b6769c8a88ec93221681fc3d01d469dcb","2026-07-29 19:58:42.847543"
1373,"Park","Sportplätze","bf77f4e166b5d281718c2aabe3c4a27b6769c8a88ec93221681fc3d01d469dcb","2026-07-29 19:58:39.244141"
1372,"Park","Discounter","bf77f4e166b5d281718c2aabe3c4a27b6769c8a88ec93221681fc3d01d469dcb","2026-07-29 19:58:37.149245"
1371,"Discounter","Späti","bf77f4e166b5d281718c2aabe3c4a27b6769c8a88ec93221681fc3d01d469dcb","2026-07-29 19:58:32.067164"
1370,"Späti","Freibad","bf77f4e166b5d281718c2aabe3c4a27b6769c8a88ec93221681fc3d01d469dcb","2026-07-29 19:58:28.267954"
1369,"Park","Gym","bf77f4e166b5d281718c2aabe3c4a27b6769c8a88ec93221681fc3d01d469dcb","2026-07-29 18:49:57.646439"
1368,"Park","Discounter","bf77f4e166b5d281718c2aabe3c4a27b6769c8a88ec93221681fc3d01d469dcb","2026-07-29 18:49:55.486942"
1367,"Park","Nachtleben","bf77f4e166b5d281718c2aabe3c4a27b6769c8a88ec93221681fc3d01d469dcb","2026-07-29 18:49:53.007664"
1366,"Park","See","bf77f4e166b5d281718c2aabe3c4a27b6769c8a88ec93221681fc3d01d469dcb","2026-07-29 18:49:51.127572"
1365,"Park","Späti","bf77f4e166b5d281718c2aabe3c4a27b6769c8a88ec93221681fc3d01d469dcb","2026-07-29 18:49:48.387523"
1364,"Späti","Campus","bf77f4e166b5d281718c2aabe3c4a27b6769c8a88ec93221681fc3d01d469dcb","2026-07-29 18:49:47.054666"
1363,"Späti","S-Bahn Haltestelle","bf77f4e166b5d281718c2aabe3c4a27b6769c8a88ec93221681fc3d01d469dcb","2026-07-29 18:49:44.586741"
1362,"Späti","Sportplätze","bf77f4e166b5d281718c2aabe3c4a27b6769c8a88ec93221681fc3d01d469dcb","2026-07-29 18:49:41.026578"
1361,"Späti","Freibad","bf77f4e166b5d281718c2aabe3c4a27b6769c8a88ec93221681fc3d01d469dcb","2026-07-29 18:49:39.287637"
1360,"Späti","Bib","bf77f4e166b5d281718c2aabe3c4a27b6769c8a88ec93221681fc3d01d469dcb","2026-07-29 18:49:37.687398"
1359,"Späti","Cafe","bf77f4e166b5d281718c2aabe3c4a27b6769c8a88ec93221681fc3d01d469dcb","2026-07-29 18:49:35.926427"
1358,"Späti","Innenstadt","bf77f4e166b5d281718c2aabe3c4a27b6769c8a88ec93221681fc3d01d469dcb","2026-07-29 18:49:32.527456"
1357,"Innenstadt","Döner","bf77f4e166b5d281718c2aabe3c4a27b6769c8a88ec93221681fc3d01d469dcb","2026-07-29 18:49:29.68648"
1356,"Döner","Mensa","bf77f4e166b5d281718c2aabe3c4a27b6769c8a88ec93221681fc3d01d469dcb","2026-07-29 18:49:24.146414"
1355,"Park","Döner","561c499a4e8da05aaa263bc450142064d537edfb4e631808ca5c9fa8e8d13985","2026-07-29 18:06:47.485164"
1354,"Park","Discounter","561c499a4e8da05aaa263bc450142064d537edfb4e631808ca5c9fa8e8d13985","2026-07-29 18:06:46.692493"
1353,"Park","Cafe","561c499a4e8da05aaa263bc450142064d537edfb4e631808ca5c9fa8e8d13985","2026-07-29 18:06:45.713369"
1352,"Park","See","561c499a4e8da05aaa263bc450142064d537edfb4e631808ca5c9fa8e8d13985","2026-07-29 18:06:44.717999"
1351,"Park","Späti","561c499a4e8da05aaa263bc450142064d537edfb4e631808ca5c9fa8e8d13985","2026-07-29 18:06:40.949355"
1350,"Park","Innenstadt","561c499a4e8da05aaa263bc450142064d537edfb4e631808ca5c9fa8e8d13985","2026-07-29 18:06:40.184616"
1349,"Park","Sportplätze","561c499a4e8da05aaa263bc450142064d537edfb4e631808ca5c9fa8e8d13985","2026-07-29 18:06:39.22892"
1348,"Park","Freibad","561c499a4e8da05aaa263bc450142064d537edfb4e631808ca5c9fa8e8d13985","2026-07-29 18:06:37.243863"
1347,"Park","Mensa","561c499a4e8da05aaa263bc450142064d537edfb4e631808ca5c9fa8e8d13985","2026-07-29 18:06:36.202172"
1346,"Park","Campus","561c499a4e8da05aaa263bc450142064d537edfb4e631808ca5c9fa8e8d13985","2026-07-29 18:06:34.332957"
1345,"Park","Nachtleben","561c499a4e8da05aaa263bc450142064d537edfb4e631808ca5c9fa8e8d13985","2026-07-29 18:06:30.210307"
1344,"Park","S-Bahn Haltestelle","561c499a4e8da05aaa263bc450142064d537edfb4e631808ca5c9fa8e8d13985","2026-07-29 18:06:27.967023"
1343,"Park","Bib","561c499a4e8da05aaa263bc450142064d537edfb4e631808ca5c9fa8e8d13985","2026-07-29 18:06:18.530822"
1342,"Bib","Gym","561c499a4e8da05aaa263bc450142064d537edfb4e631808ca5c9fa8e8d13985","2026-07-29 18:06:11.544452"
1341,"Park","Innenstadt","7c0bfe40e3eb08d7b239c7862b305f88db472c712b7d14c4365e981bd2375fe2","2026-07-29 16:01:04.39336"
1340,"Park","Gym","7c0bfe40e3eb08d7b239c7862b305f88db472c712b7d14c4365e981bd2375fe2","2026-07-29 16:01:02.594303"
1339,"Park","Campus","7c0bfe40e3eb08d7b239c7862b305f88db472c712b7d14c4365e981bd2375fe2","2026-07-29 16:01:00.903056"
1338,"Park","Discounter","7c0bfe40e3eb08d7b239c7862b305f88db472c712b7d14c4365e981bd2375fe2","2026-07-29 16:00:57.413909"
1337,"Park","Döner","7c0bfe40e3eb08d7b239c7862b305f88db472c712b7d14c4365e981bd2375fe2","2026-07-29 16:00:55.435997"
1336,"Park","Späti","7c0bfe40e3eb08d7b239c7862b305f88db472c712b7d14c4365e981bd2375fe2","2026-07-29 16:00:54.063876"
1335,"Späti","See","7c0bfe40e3eb08d7b239c7862b305f88db472c712b7d14c4365e981bd2375fe2","2026-07-29 16:00:50.546412"
1334,"See","Sportplätze","7c0bfe40e3eb08d7b239c7862b305f88db472c712b7d14c4365e981bd2375fe2","2026-07-29 16:00:49.040249"
1333,"See","S-Bahn Haltestelle","7c0bfe40e3eb08d7b239c7862b305f88db472c712b7d14c4365e981bd2375fe2","2026-07-29 16:00:47.347103"
1332,"S-Bahn Haltestelle","Freibad","7c0bfe40e3eb08d7b239c7862b305f88db472c712b7d14c4365e981bd2375fe2","2026-07-29 16:00:44.469973"
1331,"Freibad","Nachtleben","7c0bfe40e3eb08d7b239c7862b305f88db472c712b7d14c4365e981bd2375fe2","2026-07-29 16:00:39.641877"
1330,"Freibad","Cafe","7c0bfe40e3eb08d7b239c7862b305f88db472c712b7d14c4365e981bd2375fe2","2026-07-29 16:00:36.319749"
1329,"Cafe","Mensa","7c0bfe40e3eb08d7b239c7862b305f88db472c712b7d14c4365e981bd2375fe2","2026-07-29 16:00:31.192893"
1328,"Cafe","Bib","7c0bfe40e3eb08d7b239c7862b305f88db472c712b7d14c4365e981bd2375fe2","2026-07-29 16:00:26.849113"
1327,"Bib","Nachtleben","a5172ab8bc81e0bfada1abdd7f57c8aea0b8c56c28fea5e7e1c17ea91e64ee27","2026-07-29 13:05:25.26219"
1326,"Bib","Cafe","a5172ab8bc81e0bfada1abdd7f57c8aea0b8c56c28fea5e7e1c17ea91e64ee27","2026-07-29 13:05:04.435367"
1325,"Cafe","Campus","a5172ab8bc81e0bfada1abdd7f57c8aea0b8c56c28fea5e7e1c17ea91e64ee27","2026-07-29 13:05:03.240786"
1324,"Campus","Späti","a5172ab8bc81e0bfada1abdd7f57c8aea0b8c56c28fea5e7e1c17ea91e64ee27","2026-07-29 13:05:00.479365"
1323,"Campus","Gym","a5172ab8bc81e0bfada1abdd7f57c8aea0b8c56c28fea5e7e1c17ea91e64ee27","2026-07-29 13:04:35.614932"
1322,"Campus","Sportplätze","a5172ab8bc81e0bfada1abdd7f57c8aea0b8c56c28fea5e7e1c17ea91e64ee27","2026-07-29 13:04:32.188306"
1321,"Campus","Mensa","a5172ab8bc81e0bfada1abdd7f57c8aea0b8c56c28fea5e7e1c17ea91e64ee27","2026-07-29 13:04:28.902626"
1320,"Mensa","S-Bahn Haltestelle","a5172ab8bc81e0bfada1abdd7f57c8aea0b8c56c28fea5e7e1c17ea91e64ee27","2026-07-29 13:04:21.610357"
1319,"Mensa","Freibad","a5172ab8bc81e0bfada1abdd7f57c8aea0b8c56c28fea5e7e1c17ea91e64ee27","2026-07-29 13:04:00.220329"
1318,"Mensa","Discounter","a5172ab8bc81e0bfada1abdd7f57c8aea0b8c56c28fea5e7e1c17ea91e64ee27","2026-07-29 13:03:58.892072"
1317,"Mensa","Park","a5172ab8bc81e0bfada1abdd7f57c8aea0b8c56c28fea5e7e1c17ea91e64ee27","2026-07-29 13:03:56.328073"
1316,"Park","See","a5172ab8bc81e0bfada1abdd7f57c8aea0b8c56c28fea5e7e1c17ea91e64ee27","2026-07-29 13:03:53.878969"
1315,"See","Döner","a5172ab8bc81e0bfada1abdd7f57c8aea0b8c56c28fea5e7e1c17ea91e64ee27","2026-07-29 13:03:52.514527"
1314,"Döner","Innenstadt","a5172ab8bc81e0bfada1abdd7f57c8aea0b8c56c28fea5e7e1c17ea91e64ee27","2026-07-29 13:03:48.20108"
1313,"Gym","S-Bahn Haltestelle","d5976326602a3ea329ed16e1fc605ec5d3017ef59501ad0f1ffc9a1a0ae33113","2026-07-29 12:24:30.938135"
1312,"S-Bahn Haltestelle","Innenstadt","d5976326602a3ea329ed16e1fc605ec5d3017ef59501ad0f1ffc9a1a0ae33113","2026-07-29 12:24:29.515584"
1311,"Innenstadt","Späti","d5976326602a3ea329ed16e1fc605ec5d3017ef59501ad0f1ffc9a1a0ae33113","2026-07-29 12:24:27.582987"
1310,"Innenstadt","Cafe","d5976326602a3ea329ed16e1fc605ec5d3017ef59501ad0f1ffc9a1a0ae33113","2026-07-29 12:24:25.921127"
1309,"Cafe","Nachtleben","d5976326602a3ea329ed16e1fc605ec5d3017ef59501ad0f1ffc9a1a0ae33113","2026-07-29 12:24:24.389303"
1308,"Nachtleben","Döner","d5976326602a3ea329ed16e1fc605ec5d3017ef59501ad0f1ffc9a1a0ae33113","2026-07-29 12:24:23.182805"
1307,"Nachtleben","Bib","d5976326602a3ea329ed16e1fc605ec5d3017ef59501ad0f1ffc9a1a0ae33113","2026-07-29 12:24:21.661692"
1306,"Nachtleben","Freibad","d5976326602a3ea329ed16e1fc605ec5d3017ef59501ad0f1ffc9a1a0ae33113","2026-07-29 12:24:20.217677"
1305,"Freibad","See","d5976326602a3ea329ed16e1fc605ec5d3017ef59501ad0f1ffc9a1a0ae33113","2026-07-29 12:24:19.055836"
1304,"See","Mensa","d5976326602a3ea329ed16e1fc605ec5d3017ef59501ad0f1ffc9a1a0ae33113","2026-07-29 12:24:11.582997"
1303,"See","Sportplätze","d5976326602a3ea329ed16e1fc605ec5d3017ef59501ad0f1ffc9a1a0ae33113","2026-07-29 12:24:09.96833"
1302,"See","Discounter","d5976326602a3ea329ed16e1fc605ec5d3017ef59501ad0f1ffc9a1a0ae33113","2026-07-29 12:24:08.335855"
1301,"Discounter","Campus","d5976326602a3ea329ed16e1fc605ec5d3017ef59501ad0f1ffc9a1a0ae33113","2026-07-29 12:24:06.061719"
1300,"Discounter","Park","d5976326602a3ea329ed16e1fc605ec5d3017ef59501ad0f1ffc9a1a0ae33113","2026-07-29 12:24:00.682243"
1299,"See","Gym","bf77f4e166b5d281718c2aabe3c4a27b6769c8a88ec93221681fc3d01d469dcb","2026-07-29 12:23:57.504573"
1298,"Gym","Bib","bf77f4e166b5d281718c2aabe3c4a27b6769c8a88ec93221681fc3d01d469dcb","2026-07-29 12:23:55.243111"
1297,"Bib","Discounter","bf77f4e166b5d281718c2aabe3c4a27b6769c8a88ec93221681fc3d01d469dcb","2026-07-29 12:23:53.778338"
1296,"Bib","Freibad","bf77f4e166b5d281718c2aabe3c4a27b6769c8a88ec93221681fc3d01d469dcb","2026-07-29 12:23:51.928577"
1295,"Bib","Cafe","bf77f4e166b5d281718c2aabe3c4a27b6769c8a88ec93221681fc3d01d469dcb","2026-07-29 12:23:49.52219"
1294,"Bib","Campus","bf77f4e166b5d281718c2aabe3c4a27b6769c8a88ec93221681fc3d01d469dcb","2026-07-29 12:23:46.368514"
1293,"Bib","Späti","bf77f4e166b5d281718c2aabe3c4a27b6769c8a88ec93221681fc3d01d469dcb","2026-07-29 12:23:44.508456"
1292,"Bib","S-Bahn Haltestelle","bf77f4e166b5d281718c2aabe3c4a27b6769c8a88ec93221681fc3d01d469dcb","2026-07-29 12:23:41.757916"
1291,"S-Bahn Haltestelle","Döner","bf77f4e166b5d281718c2aabe3c4a27b6769c8a88ec93221681fc3d01d469dcb","2026-07-29 12:23:39.881754"
1290,"S-Bahn Haltestelle","Mensa","bf77f4e166b5d281718c2aabe3c4a27b6769c8a88ec93221681fc3d01d469dcb","2026-07-29 12:23:35.960012"
1289,"Mensa","Nachtleben","bf77f4e166b5d281718c2aabe3c4a27b6769c8a88ec93221681fc3d01d469dcb","2026-07-29 12:23:32.611633"
1288,"Mensa","Innenstadt","bf77f4e166b5d281718c2aabe3c4a27b6769c8a88ec93221681fc3d01d469dcb","2026-07-29 12:23:27.277676"
1287,"Mensa","Park","bf77f4e166b5d281718c2aabe3c4a27b6769c8a88ec93221681fc3d01d469dcb","2026-07-29 12:23:23.023328"
1286,"Park","Sportplätze","bf77f4e166b5d281718c2aabe3c4a27b6769c8a88ec93221681fc3d01d469dcb","2026-07-29 12:23:15.813293"
1285,"Mensa","Discounter","d5976326602a3ea329ed16e1fc605ec5d3017ef59501ad0f1ffc9a1a0ae33113","2026-07-29 12:17:54.213434"
1284,"Mensa","Gym","d5976326602a3ea329ed16e1fc605ec5d3017ef59501ad0f1ffc9a1a0ae33113","2026-07-29 12:17:48.582707"
1283,"Gym","See","d5976326602a3ea329ed16e1fc605ec5d3017ef59501ad0f1ffc9a1a0ae33113","2026-07-29 12:17:45.023397"
1282,"See","S-Bahn Haltestelle","d5976326602a3ea329ed16e1fc605ec5d3017ef59501ad0f1ffc9a1a0ae33113","2026-07-29 12:17:40.627199"
1281,"S-Bahn Haltestelle","Cafe","d5976326602a3ea329ed16e1fc605ec5d3017ef59501ad0f1ffc9a1a0ae33113","2026-07-29 12:17:39.079979"
1280,"Cafe","Nachtleben","d5976326602a3ea329ed16e1fc605ec5d3017ef59501ad0f1ffc9a1a0ae33113","2026-07-29 12:17:35.671576"
1279,"Nachtleben","Freibad","d5976326602a3ea329ed16e1fc605ec5d3017ef59501ad0f1ffc9a1a0ae33113","2026-07-29 12:17:33.507173"
1278,"Nachtleben","Campus","d5976326602a3ea329ed16e1fc605ec5d3017ef59501ad0f1ffc9a1a0ae33113","2026-07-29 12:17:29.652937"
1277,"Campus","Bib","d5976326602a3ea329ed16e1fc605ec5d3017ef59501ad0f1ffc9a1a0ae33113","2026-07-29 12:17:26.59202"
1276,"Campus","Sportplätze","d5976326602a3ea329ed16e1fc605ec5d3017ef59501ad0f1ffc9a1a0ae33113","2026-07-29 12:17:20.414161"
1275,"Campus","Späti","d5976326602a3ea329ed16e1fc605ec5d3017ef59501ad0f1ffc9a1a0ae33113","2026-07-29 12:17:17.968172"
1274,"Späti","Innenstadt","d5976326602a3ea329ed16e1fc605ec5d3017ef59501ad0f1ffc9a1a0ae33113","2026-07-29 12:17:12.686917"
1273,"Innenstadt","Park","d5976326602a3ea329ed16e1fc605ec5d3017ef59501ad0f1ffc9a1a0ae33113","2026-07-29 12:17:09.540999"
1272,"Park","Döner","d5976326602a3ea329ed16e1fc605ec5d3017ef59501ad0f1ffc9a1a0ae33113","2026-07-29 12:16:57.938902"
1271,"S-Bahn Haltestelle","Döner","bf77f4e166b5d281718c2aabe3c4a27b6769c8a88ec93221681fc3d01d469dcb","2026-07-29 10:57:51.512082"
1270,"Döner","Innenstadt","bf77f4e166b5d281718c2aabe3c4a27b6769c8a88ec93221681fc3d01d469dcb","2026-07-29 10:57:46.93468"
1269,"Innenstadt","Discounter","bf77f4e166b5d281718c2aabe3c4a27b6769c8a88ec93221681fc3d01d469dcb","2026-07-29 10:57:44.738987"
1268,"Innenstadt","See","bf77f4e166b5d281718c2aabe3c4a27b6769c8a88ec93221681fc3d01d469dcb","2026-07-29 10:57:42.770173"
1267,"See","Freibad","bf77f4e166b5d281718c2aabe3c4a27b6769c8a88ec93221681fc3d01d469dcb","2026-07-29 10:57:32.4067"
1266,"See","Bib","bf77f4e166b5d281718c2aabe3c4a27b6769c8a88ec93221681fc3d01d469dcb","2026-07-29 10:57:30.17137"
1265,"See","Mensa","bf77f4e166b5d281718c2aabe3c4a27b6769c8a88ec93221681fc3d01d469dcb","2026-07-29 10:57:26.942022"
1264,"Mensa","Sportplätze","bf77f4e166b5d281718c2aabe3c4a27b6769c8a88ec93221681fc3d01d469dcb","2026-07-29 10:57:24.690968"
1263,"Mensa","Campus","bf77f4e166b5d281718c2aabe3c4a27b6769c8a88ec93221681fc3d01d469dcb","2026-07-29 10:57:22.292937"
1262,"Mensa","Späti","bf77f4e166b5d281718c2aabe3c4a27b6769c8a88ec93221681fc3d01d469dcb","2026-07-29 10:57:16.699895"
1261,"Späti","Park","bf77f4e166b5d281718c2aabe3c4a27b6769c8a88ec93221681fc3d01d469dcb","2026-07-29 10:57:15.030424"
1260,"Park","Cafe","bf77f4e166b5d281718c2aabe3c4a27b6769c8a88ec93221681fc3d01d469dcb","2026-07-29 10:57:12.124552"
1259,"Cafe","Nachtleben","bf77f4e166b5d281718c2aabe3c4a27b6769c8a88ec93221681fc3d01d469dcb","2026-07-29 10:57:09.068297"
1258,"Cafe","Gym","bf77f4e166b5d281718c2aabe3c4a27b6769c8a88ec93221681fc3d01d469dcb","2026-07-29 10:56:57.125923"
1257,"See","Campus","1588f6e0c4ec38458456e85b34187cca56b5da688323055c29ab6c790bf260d1","2026-07-29 09:09:58.275695"
1256,"Campus","See","1588f6e0c4ec38458456e85b34187cca56b5da688323055c29ab6c790bf260d1","2026-07-29 09:09:58.235892"
1255,"Campus","Nachtleben","1588f6e0c4ec38458456e85b34187cca56b5da688323055c29ab6c790bf260d1","2026-07-29 09:09:53.893717"
1254,"Campus","Innenstadt","1588f6e0c4ec38458456e85b34187cca56b5da688323055c29ab6c790bf260d1","2026-07-29 09:09:49.434614"
1253,"Campus","Park","1588f6e0c4ec38458456e85b34187cca56b5da688323055c29ab6c790bf260d1","2026-07-29 09:09:47.824272"
1252,"Park","Discounter","1588f6e0c4ec38458456e85b34187cca56b5da688323055c29ab6c790bf260d1","2026-07-29 09:09:42.062957"
1251,"Discounter","Freibad","1588f6e0c4ec38458456e85b34187cca56b5da688323055c29ab6c790bf260d1","2026-07-29 09:09:37.70844"
1250,"Discounter","Bib","1588f6e0c4ec38458456e85b34187cca56b5da688323055c29ab6c790bf260d1","2026-07-29 09:09:30.849755"
1249,"Discounter","S-Bahn Haltestelle","1588f6e0c4ec38458456e85b34187cca56b5da688323055c29ab6c790bf260d1","2026-07-29 09:09:28.15472"
1248,"S-Bahn Haltestelle","Sportplätze","1588f6e0c4ec38458456e85b34187cca56b5da688323055c29ab6c790bf260d1","2026-07-29 09:09:26.590368"
1247,"S-Bahn Haltestelle","Gym","1588f6e0c4ec38458456e85b34187cca56b5da688323055c29ab6c790bf260d1","2026-07-29 09:09:24.973863"
1246,"S-Bahn Haltestelle","Mensa","1588f6e0c4ec38458456e85b34187cca56b5da688323055c29ab6c790bf260d1","2026-07-29 09:09:22.771961"
1245,"Mensa","Späti","1588f6e0c4ec38458456e85b34187cca56b5da688323055c29ab6c790bf260d1","2026-07-29 09:09:14.347507"
1244,"See","Innenstadt","1588f6e0c4ec38458456e85b34187cca56b5da688323055c29ab6c790bf260d1","2026-07-29 09:09:02.082369"
1242,"See","Innenstadt","1588f6e0c4ec38458456e85b34187cca56b5da688323055c29ab6c790bf260d1","2026-07-29 09:09:02.07243"
1243,"See","Innenstadt","1588f6e0c4ec38458456e85b34187cca56b5da688323055c29ab6c790bf260d1","2026-07-29 09:09:02.072407"
1241,"See","Innenstadt","1588f6e0c4ec38458456e85b34187cca56b5da688323055c29ab6c790bf260d1","2026-07-29 09:09:02.033065"
1240,"Innenstadt","Sportplätze","1588f6e0c4ec38458456e85b34187cca56b5da688323055c29ab6c790bf260d1","2026-07-29 09:08:50.37888"
1239,"Mensa","Campus","0f1dc8e9c6589719b15f214f59cbca32c5ae26f06b82e0b48c24c65860273c5c","2026-07-29 08:50:01.984252"
1238,"Mensa","Bib","0f1dc8e9c6589719b15f214f59cbca32c5ae26f06b82e0b48c24c65860273c5c","2026-07-29 08:50:00.638972"
1237,"Mensa","Nachtleben","0f1dc8e9c6589719b15f214f59cbca32c5ae26f06b82e0b48c24c65860273c5c","2026-07-29 08:49:59.078729"
1236,"Mensa","Innenstadt","0f1dc8e9c6589719b15f214f59cbca32c5ae26f06b82e0b48c24c65860273c5c","2026-07-29 08:49:56.831606"
1235,"Mensa","Park","0f1dc8e9c6589719b15f214f59cbca32c5ae26f06b82e0b48c24c65860273c5c","2026-07-29 08:49:51.535909"
1234,"Park","Döner","0f1dc8e9c6589719b15f214f59cbca32c5ae26f06b82e0b48c24c65860273c5c","2026-07-29 08:49:48.041431"
1233,"Park","Döner","0f1dc8e9c6589719b15f214f59cbca32c5ae26f06b82e0b48c24c65860273c5c","2026-07-29 08:49:46.931863"
1232,"Park","Discounter","0f1dc8e9c6589719b15f214f59cbca32c5ae26f06b82e0b48c24c65860273c5c","2026-07-29 08:49:43.390704"
1231,"Discounter","See","0f1dc8e9c6589719b15f214f59cbca32c5ae26f06b82e0b48c24c65860273c5c","2026-07-29 08:49:25.205666"
1230,"See","S-Bahn Haltestelle","0f1dc8e9c6589719b15f214f59cbca32c5ae26f06b82e0b48c24c65860273c5c","2026-07-29 08:49:22.995505"
1229,"S-Bahn Haltestelle","Cafe","0f1dc8e9c6589719b15f214f59cbca32c5ae26f06b82e0b48c24c65860273c5c","2026-07-29 08:49:20.418546"
1228,"Cafe","Gym","0f1dc8e9c6589719b15f214f59cbca32c5ae26f06b82e0b48c24c65860273c5c","2026-07-29 08:49:18.460497"
1227,"Cafe","Sportplätze","0f1dc8e9c6589719b15f214f59cbca32c5ae26f06b82e0b48c24c65860273c5c","2026-07-29 08:49:15.252248"
1226,"Cafe","Freibad","0f1dc8e9c6589719b15f214f59cbca32c5ae26f06b82e0b48c24c65860273c5c","2026-07-29 08:49:10.017348"
1225,"Discounter","See","7b01eac1dc8d86f4dbfa5f7130b0d538449eeba65d92e2cdde60b6236f61977d","2026-07-29 08:46:21.588963"
1224,"See","Campus","7b01eac1dc8d86f4dbfa5f7130b0d538449eeba65d92e2cdde60b6236f61977d","2026-07-29 08:46:18.892541"
1223,"Campus","Innenstadt","7b01eac1dc8d86f4dbfa5f7130b0d538449eeba65d92e2cdde60b6236f61977d","2026-07-29 08:46:15.819721"
1222,"Campus","Nachtleben","7b01eac1dc8d86f4dbfa5f7130b0d538449eeba65d92e2cdde60b6236f61977d","2026-07-29 08:46:14.90224"
1221,"Campus","Park","7b01eac1dc8d86f4dbfa5f7130b0d538449eeba65d92e2cdde60b6236f61977d","2026-07-29 08:46:13.197187"
1220,"Campus","Döner","7b01eac1dc8d86f4dbfa5f7130b0d538449eeba65d92e2cdde60b6236f61977d","2026-07-29 08:46:06.217058"
1219,"Campus","Gym","7b01eac1dc8d86f4dbfa5f7130b0d538449eeba65d92e2cdde60b6236f61977d","2026-07-29 08:46:04.034987"
1218,"Campus","Sportplätze","7b01eac1dc8d86f4dbfa5f7130b0d538449eeba65d92e2cdde60b6236f61977d","2026-07-29 08:46:02.694493"
1217,"Sportplätze","Cafe","7b01eac1dc8d86f4dbfa5f7130b0d538449eeba65d92e2cdde60b6236f61977d","2026-07-29 08:45:59.419952"
1216,"Sportplätze","S-Bahn Haltestelle","7b01eac1dc8d86f4dbfa5f7130b0d538449eeba65d92e2cdde60b6236f61977d","2026-07-29 08:45:57.70398"
1215,"Sportplätze","Späti","7b01eac1dc8d86f4dbfa5f7130b0d538449eeba65d92e2cdde60b6236f61977d","2026-07-29 08:45:53.594764"
1214,"Späti","Bib","7b01eac1dc8d86f4dbfa5f7130b0d538449eeba65d92e2cdde60b6236f61977d","2026-07-29 08:45:48.841815"
1213,"Späti","Mensa","7b01eac1dc8d86f4dbfa5f7130b0d538449eeba65d92e2cdde60b6236f61977d","2026-07-29 08:45:46.147344"
1212,"Späti","Freibad","7b01eac1dc8d86f4dbfa5f7130b0d538449eeba65d92e2cdde60b6236f61977d","2026-07-29 08:45:43.224826"
1211,"Discounter","Innenstadt","3dd718574f81cfa8e0dbb01b9745e218fdc1c6d54023ce5a5f58b86c5f4a79b1","2026-07-29 08:38:04.777357"
1210,"Discounter","Cafe","3dd718574f81cfa8e0dbb01b9745e218fdc1c6d54023ce5a5f58b86c5f4a79b1","2026-07-29 08:37:54.884805"
1209,"Cafe","Mensa","3dd718574f81cfa8e0dbb01b9745e218fdc1c6d54023ce5a5f58b86c5f4a79b1","2026-07-29 08:37:52.824108"
1208,"Cafe","Nachtleben","3dd718574f81cfa8e0dbb01b9745e218fdc1c6d54023ce5a5f58b86c5f4a79b1","2026-07-29 08:37:51.008491"
1207,"Cafe","Campus","3dd718574f81cfa8e0dbb01b9745e218fdc1c6d54023ce5a5f58b86c5f4a79b1","2026-07-29 08:37:48.409878"
1206,"Campus","Park","3dd718574f81cfa8e0dbb01b9745e218fdc1c6d54023ce5a5f58b86c5f4a79b1","2026-07-29 08:37:46.975942"
1205,"Park","S-Bahn Haltestelle","3dd718574f81cfa8e0dbb01b9745e218fdc1c6d54023ce5a5f58b86c5f4a79b1","2026-07-29 08:37:45.664472"
1204,"Park","Späti","3dd718574f81cfa8e0dbb01b9745e218fdc1c6d54023ce5a5f58b86c5f4a79b1","2026-07-29 08:37:41.264147"
1203,"Park","Döner","3dd718574f81cfa8e0dbb01b9745e218fdc1c6d54023ce5a5f58b86c5f4a79b1","2026-07-29 08:37:35.498616"
1202,"Park","Sportplätze","3dd718574f81cfa8e0dbb01b9745e218fdc1c6d54023ce5a5f58b86c5f4a79b1","2026-07-29 08:37:33.807286"
1201,"Park","Bib","3dd718574f81cfa8e0dbb01b9745e218fdc1c6d54023ce5a5f58b86c5f4a79b1","2026-07-29 08:37:32.053543"
1200,"Park","Freibad","3dd718574f81cfa8e0dbb01b9745e218fdc1c6d54023ce5a5f58b86c5f4a79b1","2026-07-29 08:37:30.243822"
1199,"Park","See","3dd718574f81cfa8e0dbb01b9745e218fdc1c6d54023ce5a5f58b86c5f4a79b1","2026-07-29 08:37:28.872494"
1198,"Park","Gym","3dd718574f81cfa8e0dbb01b9745e218fdc1c6d54023ce5a5f58b86c5f4a79b1","2026-07-29 08:37:26.299372"
1197,"Späti","Discounter","7241a1b1ade9a60eeb74d0911cc80d477be6fcfb57a36990562d513d29ac888f","2026-07-29 08:23:36.908464"
1196,"Späti","Sportplätze","7241a1b1ade9a60eeb74d0911cc80d477be6fcfb57a36990562d513d29ac888f","2026-07-29 08:23:34.184272"
1195,"Späti","Nachtleben","7241a1b1ade9a60eeb74d0911cc80d477be6fcfb57a36990562d513d29ac888f","2026-07-29 08:23:32.992298"
1194,"Späti","Döner","7241a1b1ade9a60eeb74d0911cc80d477be6fcfb57a36990562d513d29ac888f","2026-07-29 08:23:31.051762"
1193,"Späti","See","7241a1b1ade9a60eeb74d0911cc80d477be6fcfb57a36990562d513d29ac888f","2026-07-29 08:23:29.586357"
1192,"Späti","Innenstadt","7241a1b1ade9a60eeb74d0911cc80d477be6fcfb57a36990562d513d29ac888f","2026-07-29 08:23:27.981151"
1191,"Späti","Cafe","7241a1b1ade9a60eeb74d0911cc80d477be6fcfb57a36990562d513d29ac888f","2026-07-29 08:23:26.560789"
1190,"Späti","Bib","7241a1b1ade9a60eeb74d0911cc80d477be6fcfb57a36990562d513d29ac888f","2026-07-29 08:23:24.230331"
1189,"Bib","Freibad","7241a1b1ade9a60eeb74d0911cc80d477be6fcfb57a36990562d513d29ac888f","2026-07-29 08:23:22.751675"
1188,"Bib","Mensa","7241a1b1ade9a60eeb74d0911cc80d477be6fcfb57a36990562d513d29ac888f","2026-07-29 08:23:21.132637"
1187,"Bib","Park","7241a1b1ade9a60eeb74d0911cc80d477be6fcfb57a36990562d513d29ac888f","2026-07-29 08:23:18.810137"
1186,"Park","Gym","7241a1b1ade9a60eeb74d0911cc80d477be6fcfb57a36990562d513d29ac888f","2026-07-29 08:23:15.215754"
1185,"Gym","S-Bahn Haltestelle","7241a1b1ade9a60eeb74d0911cc80d477be6fcfb57a36990562d513d29ac888f","2026-07-29 08:23:13.413935"
1184,"S-Bahn Haltestelle","Campus","7241a1b1ade9a60eeb74d0911cc80d477be6fcfb57a36990562d513d29ac888f","2026-07-29 08:23:09.636381"
1183,"Späti","Discounter","7b01eac1dc8d86f4dbfa5f7130b0d538449eeba65d92e2cdde60b6236f61977d","2026-07-29 08:18:36.315334"
1182,"Späti","Nachtleben","7b01eac1dc8d86f4dbfa5f7130b0d538449eeba65d92e2cdde60b6236f61977d","2026-07-29 08:18:35.303707"
1181,"Späti","Freibad","7b01eac1dc8d86f4dbfa5f7130b0d538449eeba65d92e2cdde60b6236f61977d","2026-07-29 08:18:33.426738"
1180,"Späti","Bib","7b01eac1dc8d86f4dbfa5f7130b0d538449eeba65d92e2cdde60b6236f61977d","2026-07-29 08:18:30.891667"
1179,"Späti","Döner","7b01eac1dc8d86f4dbfa5f7130b0d538449eeba65d92e2cdde60b6236f61977d","2026-07-29 08:18:29.42962"
1178,"Späti","Cafe","7b01eac1dc8d86f4dbfa5f7130b0d538449eeba65d92e2cdde60b6236f61977d","2026-07-29 08:18:27.956151"
1177,"Cafe","Park","7b01eac1dc8d86f4dbfa5f7130b0d538449eeba65d92e2cdde60b6236f61977d","2026-07-29 08:18:26.788139"
1176,"Park","Campus","7b01eac1dc8d86f4dbfa5f7130b0d538449eeba65d92e2cdde60b6236f61977d","2026-07-29 08:18:25.396371"
1175,"Park","Gym","7b01eac1dc8d86f4dbfa5f7130b0d538449eeba65d92e2cdde60b6236f61977d","2026-07-29 08:18:23.518492"
1174,"Park","See","7b01eac1dc8d86f4dbfa5f7130b0d538449eeba65d92e2cdde60b6236f61977d","2026-07-29 08:18:22.084888"
1173,"See","Sportplätze","7b01eac1dc8d86f4dbfa5f7130b0d538449eeba65d92e2cdde60b6236f61977d","2026-07-29 08:18:20.248279"
1172,"See","S-Bahn Haltestelle","7b01eac1dc8d86f4dbfa5f7130b0d538449eeba65d92e2cdde60b6236f61977d","2026-07-29 08:18:19.219986"
1171,"See","Mensa","7b01eac1dc8d86f4dbfa5f7130b0d538449eeba65d92e2cdde60b6236f61977d","2026-07-29 08:18:17.145797"
1170,"See","Innenstadt","7b01eac1dc8d86f4dbfa5f7130b0d538449eeba65d92e2cdde60b6236f61977d","2026-07-29 08:18:11.189882"
1169,"Park","Campus","286648181f8effb2abd5938a61a94db3c02a74454f977b2876c9e7ca71a4e1de","2026-07-29 08:16:21.220422"
1168,"Park","Innenstadt","286648181f8effb2abd5938a61a94db3c02a74454f977b2876c9e7ca71a4e1de","2026-07-29 08:16:14.017175"
1167,"Park","See","286648181f8effb2abd5938a61a94db3c02a74454f977b2876c9e7ca71a4e1de","2026-07-29 08:16:12.140393"
1166,"Park","Gym","286648181f8effb2abd5938a61a94db3c02a74454f977b2876c9e7ca71a4e1de","2026-07-29 08:16:07.355929"
1165,"Gym","Späti","286648181f8effb2abd5938a61a94db3c02a74454f977b2876c9e7ca71a4e1de","2026-07-29 08:16:05.883394"
1164,"Gym","Discounter","286648181f8effb2abd5938a61a94db3c02a74454f977b2876c9e7ca71a4e1de","2026-07-29 08:16:04.42391"
1163,"Discounter","Döner","286648181f8effb2abd5938a61a94db3c02a74454f977b2876c9e7ca71a4e1de","2026-07-29 08:16:02.63396"
1162,"Döner","Mensa","286648181f8effb2abd5938a61a94db3c02a74454f977b2876c9e7ca71a4e1de","2026-07-29 08:16:01.005695"
1161,"Mensa","Cafe","286648181f8effb2abd5938a61a94db3c02a74454f977b2876c9e7ca71a4e1de","2026-07-29 08:15:58.217322"
1160,"Mensa","S-Bahn Haltestelle","286648181f8effb2abd5938a61a94db3c02a74454f977b2876c9e7ca71a4e1de","2026-07-29 08:15:56.125895"
1159,"Mensa","Freibad","286648181f8effb2abd5938a61a94db3c02a74454f977b2876c9e7ca71a4e1de","2026-07-29 08:15:52.914728"
1158,"Mensa","Nachtleben","286648181f8effb2abd5938a61a94db3c02a74454f977b2876c9e7ca71a4e1de","2026-07-29 08:15:49.310907"
1157,"Mensa","Sportplätze","286648181f8effb2abd5938a61a94db3c02a74454f977b2876c9e7ca71a4e1de","2026-07-29 08:15:47.158564"
1156,"Mensa","Bib","286648181f8effb2abd5938a61a94db3c02a74454f977b2876c9e7ca71a4e1de","2026-07-29 08:15:44.936145"
1155,"Discounter","Cafe","d5976326602a3ea329ed16e1fc605ec5d3017ef59501ad0f1ffc9a1a0ae33113","2026-07-29 07:11:07.394442"
1154,"Discounter","Nachtleben","d5976326602a3ea329ed16e1fc605ec5d3017ef59501ad0f1ffc9a1a0ae33113","2026-07-29 07:11:04.692523"
1153,"Discounter","S-Bahn Haltestelle","d5976326602a3ea329ed16e1fc605ec5d3017ef59501ad0f1ffc9a1a0ae33113","2026-07-29 07:11:02.206877"
1152,"Discounter","See","d5976326602a3ea329ed16e1fc605ec5d3017ef59501ad0f1ffc9a1a0ae33113","2026-07-29 07:11:00.43667"
1151,"See","Bib","d5976326602a3ea329ed16e1fc605ec5d3017ef59501ad0f1ffc9a1a0ae33113","2026-07-29 07:10:58.241255"
1150,"See","Campus","d5976326602a3ea329ed16e1fc605ec5d3017ef59501ad0f1ffc9a1a0ae33113","2026-07-29 07:10:57.135568"
1149,"See","Mensa","d5976326602a3ea329ed16e1fc605ec5d3017ef59501ad0f1ffc9a1a0ae33113","2026-07-29 07:10:53.490865"
1148,"See","Späti","d5976326602a3ea329ed16e1fc605ec5d3017ef59501ad0f1ffc9a1a0ae33113","2026-07-29 07:10:50.763717"
1147,"Späti","Sportplätze","d5976326602a3ea329ed16e1fc605ec5d3017ef59501ad0f1ffc9a1a0ae33113","2026-07-29 07:10:49.450251"
1146,"Späti","Freibad","d5976326602a3ea329ed16e1fc605ec5d3017ef59501ad0f1ffc9a1a0ae33113","2026-07-29 07:10:47.595109"
1145,"Späti","Gym","d5976326602a3ea329ed16e1fc605ec5d3017ef59501ad0f1ffc9a1a0ae33113","2026-07-29 07:10:46.401618"
1144,"Späti","Döner","d5976326602a3ea329ed16e1fc605ec5d3017ef59501ad0f1ffc9a1a0ae33113","2026-07-29 07:10:44.213797"
1143,"Späti","Innenstadt","d5976326602a3ea329ed16e1fc605ec5d3017ef59501ad0f1ffc9a1a0ae33113","2026-07-29 07:10:42.380001"
1142,"Späti","Park","d5976326602a3ea329ed16e1fc605ec5d3017ef59501ad0f1ffc9a1a0ae33113","2026-07-29 07:10:40.594728"
1141,"Park","Freibad","d5976326602a3ea329ed16e1fc605ec5d3017ef59501ad0f1ffc9a1a0ae33113","2026-07-29 07:10:31.539184"
1140,"Park","Campus","d5976326602a3ea329ed16e1fc605ec5d3017ef59501ad0f1ffc9a1a0ae33113","2026-07-29 07:10:29.049677"
1139,"Park","Späti","d5976326602a3ea329ed16e1fc605ec5d3017ef59501ad0f1ffc9a1a0ae33113","2026-07-29 07:10:27.665922"
1138,"Park","Nachtleben","d5976326602a3ea329ed16e1fc605ec5d3017ef59501ad0f1ffc9a1a0ae33113","2026-07-29 07:10:22.572518"
1137,"Park","Gym","d5976326602a3ea329ed16e1fc605ec5d3017ef59501ad0f1ffc9a1a0ae33113","2026-07-29 07:06:38.24254"
1136,"Park","Campus","d5976326602a3ea329ed16e1fc605ec5d3017ef59501ad0f1ffc9a1a0ae33113","2026-07-29 07:06:37.132234"
1135,"Park","Mensa","d5976326602a3ea329ed16e1fc605ec5d3017ef59501ad0f1ffc9a1a0ae33113","2026-07-29 07:06:35.616149"
1134,"Park","Discounter","d5976326602a3ea329ed16e1fc605ec5d3017ef59501ad0f1ffc9a1a0ae33113","2026-07-29 07:06:33.855678"
1133,"Discounter","Innenstadt","d5976326602a3ea329ed16e1fc605ec5d3017ef59501ad0f1ffc9a1a0ae33113","2026-07-29 07:06:32.209481"
1132,"Discounter","Freibad","d5976326602a3ea329ed16e1fc605ec5d3017ef59501ad0f1ffc9a1a0ae33113","2026-07-29 07:06:30.371856"
1131,"Discounter","Sportplätze","d5976326602a3ea329ed16e1fc605ec5d3017ef59501ad0f1ffc9a1a0ae33113","2026-07-29 07:06:28.911235"
1130,"Discounter","Döner","d5976326602a3ea329ed16e1fc605ec5d3017ef59501ad0f1ffc9a1a0ae33113","2026-07-29 07:06:27.073102"
1129,"Döner","Cafe","d5976326602a3ea329ed16e1fc605ec5d3017ef59501ad0f1ffc9a1a0ae33113","2026-07-29 07:06:25.535338"
1128,"Döner","Bib","d5976326602a3ea329ed16e1fc605ec5d3017ef59501ad0f1ffc9a1a0ae33113","2026-07-29 07:06:23.477058"
1127,"Döner","Späti","d5976326602a3ea329ed16e1fc605ec5d3017ef59501ad0f1ffc9a1a0ae33113","2026-07-29 07:06:21.64428"
1126,"Späti","See","d5976326602a3ea329ed16e1fc605ec5d3017ef59501ad0f1ffc9a1a0ae33113","2026-07-29 07:06:19.40129"
1125,"See","Nachtleben","d5976326602a3ea329ed16e1fc605ec5d3017ef59501ad0f1ffc9a1a0ae33113","2026-07-29 07:06:17.733166"
1124,"See","S-Bahn Haltestelle","d5976326602a3ea329ed16e1fc605ec5d3017ef59501ad0f1ffc9a1a0ae33113","2026-07-29 07:06:12.34638"
1123,"S-Bahn Haltestelle","Sportplätze","bf77f4e166b5d281718c2aabe3c4a27b6769c8a88ec93221681fc3d01d469dcb","2026-07-29 06:53:01.523113"
1122,"S-Bahn Haltestelle","Cafe","bf77f4e166b5d281718c2aabe3c4a27b6769c8a88ec93221681fc3d01d469dcb","2026-07-29 06:53:00.091261"
1121,"Cafe","See","bf77f4e166b5d281718c2aabe3c4a27b6769c8a88ec93221681fc3d01d469dcb","2026-07-29 06:52:58.226953"
1120,"Cafe","Campus","bf77f4e166b5d281718c2aabe3c4a27b6769c8a88ec93221681fc3d01d469dcb","2026-07-29 06:52:56.451815"
1119,"Campus","Döner","bf77f4e166b5d281718c2aabe3c4a27b6769c8a88ec93221681fc3d01d469dcb","2026-07-29 06:52:53.697391"
1118,"Campus","Innenstadt","bf77f4e166b5d281718c2aabe3c4a27b6769c8a88ec93221681fc3d01d469dcb","2026-07-29 06:52:52.260821"
1117,"Campus","Freibad","bf77f4e166b5d281718c2aabe3c4a27b6769c8a88ec93221681fc3d01d469dcb","2026-07-29 06:52:50.684121"
1116,"Campus","Mensa","bf77f4e166b5d281718c2aabe3c4a27b6769c8a88ec93221681fc3d01d469dcb","2026-07-29 06:52:49.25029"
1115,"Campus","Späti","bf77f4e166b5d281718c2aabe3c4a27b6769c8a88ec93221681fc3d01d469dcb","2026-07-29 06:52:46.673016"
1114,"Campus","Discounter","bf77f4e166b5d281718c2aabe3c4a27b6769c8a88ec93221681fc3d01d469dcb","2026-07-29 06:52:44.91171"
1113,"Discounter","Gym","bf77f4e166b5d281718c2aabe3c4a27b6769c8a88ec93221681fc3d01d469dcb","2026-07-29 06:52:43.113944"
1112,"See","Discounter","bf77f4e166b5d281718c2aabe3c4a27b6769c8a88ec93221681fc3d01d469dcb","2026-07-29 06:52:42.579535"
1111,"See","Späti","bf77f4e166b5d281718c2aabe3c4a27b6769c8a88ec93221681fc3d01d469dcb","2026-07-29 06:52:40.829775"
1110,"Discounter","Bib","bf77f4e166b5d281718c2aabe3c4a27b6769c8a88ec93221681fc3d01d469dcb","2026-07-29 06:52:40.785756"
1109,"Discounter","Nachtleben","bf77f4e166b5d281718c2aabe3c4a27b6769c8a88ec93221681fc3d01d469dcb","2026-07-29 06:52:38.871947"
1108,"Späti","Cafe","bf77f4e166b5d281718c2aabe3c4a27b6769c8a88ec93221681fc3d01d469dcb","2026-07-29 06:52:37.639659"
1107,"Späti","Döner","bf77f4e166b5d281718c2aabe3c4a27b6769c8a88ec93221681fc3d01d469dcb","2026-07-29 06:52:35.907764"
1106,"Discounter","Park","bf77f4e166b5d281718c2aabe3c4a27b6769c8a88ec93221681fc3d01d469dcb","2026-07-29 06:52:35.292921"
1105,"Späti","Nachtleben","bf77f4e166b5d281718c2aabe3c4a27b6769c8a88ec93221681fc3d01d469dcb","2026-07-29 06:52:32.842822"
1104,"Nachtleben","Gym","bf77f4e166b5d281718c2aabe3c4a27b6769c8a88ec93221681fc3d01d469dcb","2026-07-29 06:52:29.659994"
1103,"Nachtleben","Campus","bf77f4e166b5d281718c2aabe3c4a27b6769c8a88ec93221681fc3d01d469dcb","2026-07-29 06:52:27.919658"
1102,"Nachtleben","Freibad","bf77f4e166b5d281718c2aabe3c4a27b6769c8a88ec93221681fc3d01d469dcb","2026-07-29 06:52:15.73773"
1101,"Nachtleben","Mensa","bf77f4e166b5d281718c2aabe3c4a27b6769c8a88ec93221681fc3d01d469dcb","2026-07-29 06:52:12.610276"
1100,"Mensa","Sportplätze","bf77f4e166b5d281718c2aabe3c4a27b6769c8a88ec93221681fc3d01d469dcb","2026-07-29 06:52:07.898416"
1099,"Mensa","Bib","bf77f4e166b5d281718c2aabe3c4a27b6769c8a88ec93221681fc3d01d469dcb","2026-07-29 06:52:05.425032"
1098,"Mensa","Park","bf77f4e166b5d281718c2aabe3c4a27b6769c8a88ec93221681fc3d01d469dcb","2026-07-29 06:51:58.880655"
1097,"Park","Innenstadt","bf77f4e166b5d281718c2aabe3c4a27b6769c8a88ec93221681fc3d01d469dcb","2026-07-29 06:51:55.81731"
1096,"Park","S-Bahn Haltestelle","bf77f4e166b5d281718c2aabe3c4a27b6769c8a88ec93221681fc3d01d469dcb","2026-07-29 06:51:52.627747"
1095,"Gym","Döner","72ddaa94cec479bf46ddd8741057a95bb122b7568b449f21c81d4168b6ff98e5","2026-07-29 05:17:13.283795"
1094,"Gym","Innenstadt","72ddaa94cec479bf46ddd8741057a95bb122b7568b449f21c81d4168b6ff98e5","2026-07-29 05:17:10.119265"
1093,"Gym","Bib","72ddaa94cec479bf46ddd8741057a95bb122b7568b449f21c81d4168b6ff98e5","2026-07-29 05:17:08.221433"
1092,"Gym","Freibad","72ddaa94cec479bf46ddd8741057a95bb122b7568b449f21c81d4168b6ff98e5","2026-07-29 05:17:06.001633"
1091,"Gym","S-Bahn Haltestelle","72ddaa94cec479bf46ddd8741057a95bb122b7568b449f21c81d4168b6ff98e5","2026-07-29 05:17:04.067349"
1090,"Gym","See","72ddaa94cec479bf46ddd8741057a95bb122b7568b449f21c81d4168b6ff98e5","2026-07-29 05:16:59.154752"
1089,"Gym","Mensa","72ddaa94cec479bf46ddd8741057a95bb122b7568b449f21c81d4168b6ff98e5","2026-07-29 05:16:56.7022"
1088,"Gym","Campus","72ddaa94cec479bf46ddd8741057a95bb122b7568b449f21c81d4168b6ff98e5","2026-07-29 05:16:54.811733"
1087,"Gym","Nachtleben","72ddaa94cec479bf46ddd8741057a95bb122b7568b449f21c81d4168b6ff98e5","2026-07-29 05:16:45.940403"
1086,"Gym","Sportplätze","72ddaa94cec479bf46ddd8741057a95bb122b7568b449f21c81d4168b6ff98e5","2026-07-29 05:16:43.440704"
1085,"Sportplätze","Park","72ddaa94cec479bf46ddd8741057a95bb122b7568b449f21c81d4168b6ff98e5","2026-07-29 05:16:41.528926"
1084,"Sportplätze","Discounter","72ddaa94cec479bf46ddd8741057a95bb122b7568b449f21c81d4168b6ff98e5","2026-07-29 05:16:39.683593"
1083,"Sportplätze","Späti","72ddaa94cec479bf46ddd8741057a95bb122b7568b449f21c81d4168b6ff98e5","2026-07-29 05:16:36.675867"
1082,"Späti","Cafe","72ddaa94cec479bf46ddd8741057a95bb122b7568b449f21c81d4168b6ff98e5","2026-07-29 05:16:33.458509"
1081,"Döner","Nachtleben","d5976326602a3ea329ed16e1fc605ec5d3017ef59501ad0f1ffc9a1a0ae33113","2026-07-29 02:51:17.540941"
1080,"Döner","Späti","d5976326602a3ea329ed16e1fc605ec5d3017ef59501ad0f1ffc9a1a0ae33113","2026-07-29 02:51:15.159347"
1079,"Späti","Park","d5976326602a3ea329ed16e1fc605ec5d3017ef59501ad0f1ffc9a1a0ae33113","2026-07-29 02:51:13.919621"
1078,"Park","Campus","d5976326602a3ea329ed16e1fc605ec5d3017ef59501ad0f1ffc9a1a0ae33113","2026-07-29 02:51:10.843264"
1077,"Campus","Mensa","d5976326602a3ea329ed16e1fc605ec5d3017ef59501ad0f1ffc9a1a0ae33113","2026-07-29 02:51:08.741351"
1076,"Mensa","Innenstadt","d5976326602a3ea329ed16e1fc605ec5d3017ef59501ad0f1ffc9a1a0ae33113","2026-07-29 02:51:04.161392"
1075,"Mensa","Sportplätze","d5976326602a3ea329ed16e1fc605ec5d3017ef59501ad0f1ffc9a1a0ae33113","2026-07-29 02:51:00.939052"
1074,"Mensa","S-Bahn Haltestelle","d5976326602a3ea329ed16e1fc605ec5d3017ef59501ad0f1ffc9a1a0ae33113","2026-07-29 02:50:58.818693"
1073,"Mensa","Bib","d5976326602a3ea329ed16e1fc605ec5d3017ef59501ad0f1ffc9a1a0ae33113","2026-07-29 02:50:54.674103"
1072,"Mensa","Cafe","d5976326602a3ea329ed16e1fc605ec5d3017ef59501ad0f1ffc9a1a0ae33113","2026-07-29 02:50:53.32147"
1071,"Mensa","See","d5976326602a3ea329ed16e1fc605ec5d3017ef59501ad0f1ffc9a1a0ae33113","2026-07-29 02:50:51.558284"
1070,"See","Gym","d5976326602a3ea329ed16e1fc605ec5d3017ef59501ad0f1ffc9a1a0ae33113","2026-07-29 02:50:47.037997"
1069,"See","Discounter","d5976326602a3ea329ed16e1fc605ec5d3017ef59501ad0f1ffc9a1a0ae33113","2026-07-29 02:50:43.127857"
1068,"Discounter","Freibad","d5976326602a3ea329ed16e1fc605ec5d3017ef59501ad0f1ffc9a1a0ae33113","2026-07-29 02:50:39.047169"
1067,"S-Bahn Haltestelle","Bib","bf77f4e166b5d281718c2aabe3c4a27b6769c8a88ec93221681fc3d01d469dcb","2026-07-29 00:07:51.383854"
1066,"S-Bahn Haltestelle","Cafe","bf77f4e166b5d281718c2aabe3c4a27b6769c8a88ec93221681fc3d01d469dcb","2026-07-29 00:07:47.592491"
1065,"S-Bahn Haltestelle","Gym","bf77f4e166b5d281718c2aabe3c4a27b6769c8a88ec93221681fc3d01d469dcb","2026-07-29 00:07:45.333056"
1064,"S-Bahn Haltestelle","Späti","bf77f4e166b5d281718c2aabe3c4a27b6769c8a88ec93221681fc3d01d469dcb","2026-07-29 00:07:44.190885"
1063,"S-Bahn Haltestelle","See","bf77f4e166b5d281718c2aabe3c4a27b6769c8a88ec93221681fc3d01d469dcb","2026-07-29 00:07:42.006115"
1062,"S-Bahn Haltestelle","Freibad","bf77f4e166b5d281718c2aabe3c4a27b6769c8a88ec93221681fc3d01d469dcb","2026-07-29 00:07:40.362532"
1061,"S-Bahn Haltestelle","Discounter","bf77f4e166b5d281718c2aabe3c4a27b6769c8a88ec93221681fc3d01d469dcb","2026-07-29 00:07:38.85849"
1060,"Discounter","Innenstadt","bf77f4e166b5d281718c2aabe3c4a27b6769c8a88ec93221681fc3d01d469dcb","2026-07-29 00:07:35.806851"
1059,"Innenstadt","Park","bf77f4e166b5d281718c2aabe3c4a27b6769c8a88ec93221681fc3d01d469dcb","2026-07-29 00:07:31.432356"
1058,"Park","Sportplätze","bf77f4e166b5d281718c2aabe3c4a27b6769c8a88ec93221681fc3d01d469dcb","2026-07-29 00:07:29.461203"
1057,"Park","Mensa","bf77f4e166b5d281718c2aabe3c4a27b6769c8a88ec93221681fc3d01d469dcb","2026-07-29 00:07:27.944527"
1056,"Park","Campus","bf77f4e166b5d281718c2aabe3c4a27b6769c8a88ec93221681fc3d01d469dcb","2026-07-29 00:07:26.316302"
1055,"Park","Döner","bf77f4e166b5d281718c2aabe3c4a27b6769c8a88ec93221681fc3d01d469dcb","2026-07-29 00:07:24.370515"
1054,"Park","Nachtleben","bf77f4e166b5d281718c2aabe3c4a27b6769c8a88ec93221681fc3d01d469dcb","2026-07-29 00:07:20.420824"
1053,"Cafe","S-Bahn Haltestelle","d5976326602a3ea329ed16e1fc605ec5d3017ef59501ad0f1ffc9a1a0ae33113","2026-07-28 21:40:10.3615"
1052,"Cafe","Mensa","d5976326602a3ea329ed16e1fc605ec5d3017ef59501ad0f1ffc9a1a0ae33113","2026-07-28 21:40:08.536264"
1051,"Cafe","Discounter","d5976326602a3ea329ed16e1fc605ec5d3017ef59501ad0f1ffc9a1a0ae33113","2026-07-28 21:40:07.560238"
1050,"Cafe","Döner","d5976326602a3ea329ed16e1fc605ec5d3017ef59501ad0f1ffc9a1a0ae33113","2026-07-28 21:40:06.579015"
1049,"Cafe","Gym","d5976326602a3ea329ed16e1fc605ec5d3017ef59501ad0f1ffc9a1a0ae33113","2026-07-28 21:40:05.302389"
1048,"Cafe","Bib","d5976326602a3ea329ed16e1fc605ec5d3017ef59501ad0f1ffc9a1a0ae33113","2026-07-28 21:40:03.760013"
1047,"Bib","Nachtleben","d5976326602a3ea329ed16e1fc605ec5d3017ef59501ad0f1ffc9a1a0ae33113","2026-07-28 21:40:02.233688"
1046,"Nachtleben","Späti","d5976326602a3ea329ed16e1fc605ec5d3017ef59501ad0f1ffc9a1a0ae33113","2026-07-28 21:40:00.396985"
1045,"Späti","Campus","d5976326602a3ea329ed16e1fc605ec5d3017ef59501ad0f1ffc9a1a0ae33113","2026-07-28 21:39:58.048802"
1044,"Späti","Innenstadt","d5976326602a3ea329ed16e1fc605ec5d3017ef59501ad0f1ffc9a1a0ae33113","2026-07-28 21:39:56.80508"
1043,"Späti","See","d5976326602a3ea329ed16e1fc605ec5d3017ef59501ad0f1ffc9a1a0ae33113","2026-07-28 21:39:55.272287"
1042,"Späti","Park","d5976326602a3ea329ed16e1fc605ec5d3017ef59501ad0f1ffc9a1a0ae33113","2026-07-28 21:39:53.1306"
1041,"Park","Freibad","d5976326602a3ea329ed16e1fc605ec5d3017ef59501ad0f1ffc9a1a0ae33113","2026-07-28 21:39:51.948813"
1040,"Freibad","Sportplätze","d5976326602a3ea329ed16e1fc605ec5d3017ef59501ad0f1ffc9a1a0ae33113","2026-07-28 21:39:49.288754"
1039,"See","Bib","d5976326602a3ea329ed16e1fc605ec5d3017ef59501ad0f1ffc9a1a0ae33113","2026-07-28 21:11:42.375076"
1038,"See","Discounter","d5976326602a3ea329ed16e1fc605ec5d3017ef59501ad0f1ffc9a1a0ae33113","2026-07-28 21:11:39.850345"
1037,"See","S-Bahn Haltestelle","d5976326602a3ea329ed16e1fc605ec5d3017ef59501ad0f1ffc9a1a0ae33113","2026-07-28 21:11:34.937436"
1036,"See","Sportplätze","d5976326602a3ea329ed16e1fc605ec5d3017ef59501ad0f1ffc9a1a0ae33113","2026-07-28 21:11:33.311168"
1035,"See","Späti","d5976326602a3ea329ed16e1fc605ec5d3017ef59501ad0f1ffc9a1a0ae33113","2026-07-28 21:11:30.875327"
1034,"Späti","Gym","d5976326602a3ea329ed16e1fc605ec5d3017ef59501ad0f1ffc9a1a0ae33113","2026-07-28 21:11:27.252637"
1033,"Späti","Mensa","d5976326602a3ea329ed16e1fc605ec5d3017ef59501ad0f1ffc9a1a0ae33113","2026-07-28 21:11:25.459382"
1032,"Mensa","Campus","d5976326602a3ea329ed16e1fc605ec5d3017ef59501ad0f1ffc9a1a0ae33113","2026-07-28 21:11:23.82461"
1031,"Mensa","Park","d5976326602a3ea329ed16e1fc605ec5d3017ef59501ad0f1ffc9a1a0ae33113","2026-07-28 21:11:22.592416"
1030,"Mensa","Döner","d5976326602a3ea329ed16e1fc605ec5d3017ef59501ad0f1ffc9a1a0ae33113","2026-07-28 21:11:21.078409"
1029,"Mensa","Freibad","d5976326602a3ea329ed16e1fc605ec5d3017ef59501ad0f1ffc9a1a0ae33113","2026-07-28 21:11:18.804507"
1028,"Mensa","Innenstadt","d5976326602a3ea329ed16e1fc605ec5d3017ef59501ad0f1ffc9a1a0ae33113","2026-07-28 21:11:16.713707"
1027,"Mensa","Cafe","d5976326602a3ea329ed16e1fc605ec5d3017ef59501ad0f1ffc9a1a0ae33113","2026-07-28 21:11:13.545419"
1026,"Cafe","Nachtleben","d5976326602a3ea329ed16e1fc605ec5d3017ef59501ad0f1ffc9a1a0ae33113","2026-07-28 21:11:07.371422"
1025,"Bib","Mensa","7c0bfe40e3eb08d7b239c7862b305f88db472c712b7d14c4365e981bd2375fe2","2026-07-28 19:30:52.996359"
1024,"Campus","Freibad","afaae98203ed479d4df16e78efc7b22b6515bf259fc1e8e54061a61191b83a00","2026-07-28 18:57:47.165105"
1023,"Campus","Gym","afaae98203ed479d4df16e78efc7b22b6515bf259fc1e8e54061a61191b83a00","2026-07-28 18:57:45.70572"
1022,"Campus","Späti","afaae98203ed479d4df16e78efc7b22b6515bf259fc1e8e54061a61191b83a00","2026-07-28 18:57:44.224375"
1021,"Campus","Discounter","afaae98203ed479d4df16e78efc7b22b6515bf259fc1e8e54061a61191b83a00","2026-07-28 18:57:42.864154"
1020,"Campus","Sportplätze","afaae98203ed479d4df16e78efc7b22b6515bf259fc1e8e54061a61191b83a00","2026-07-28 18:57:41.545505"
1019,"Campus","Park","afaae98203ed479d4df16e78efc7b22b6515bf259fc1e8e54061a61191b83a00","2026-07-28 18:57:40.146165"
1018,"Campus","Döner","afaae98203ed479d4df16e78efc7b22b6515bf259fc1e8e54061a61191b83a00","2026-07-28 18:57:39.744433"
1017,"Campus","Nachtleben","afaae98203ed479d4df16e78efc7b22b6515bf259fc1e8e54061a61191b83a00","2026-07-28 18:57:37.12435"
1016,"Campus","Mensa","afaae98203ed479d4df16e78efc7b22b6515bf259fc1e8e54061a61191b83a00","2026-07-28 18:57:35.056494"
1015,"Campus","See","afaae98203ed479d4df16e78efc7b22b6515bf259fc1e8e54061a61191b83a00","2026-07-28 18:57:32.602098"
1014,"Campus","Innenstadt","afaae98203ed479d4df16e78efc7b22b6515bf259fc1e8e54061a61191b83a00","2026-07-28 18:57:30.998857"
1013,"Campus","S-Bahn Haltestelle","afaae98203ed479d4df16e78efc7b22b6515bf259fc1e8e54061a61191b83a00","2026-07-28 18:57:27.939343"
1012,"S-Bahn Haltestelle","Cafe","afaae98203ed479d4df16e78efc7b22b6515bf259fc1e8e54061a61191b83a00","2026-07-28 18:57:25.620191"
1011,"S-Bahn Haltestelle","Bib","afaae98203ed479d4df16e78efc7b22b6515bf259fc1e8e54061a61191b83a00","2026-07-28 18:57:21.903428"
1010,"Späti","Mensa","bf77f4e166b5d281718c2aabe3c4a27b6769c8a88ec93221681fc3d01d469dcb","2026-07-28 18:22:56.380851"
1009,"Späti","Gym","bf77f4e166b5d281718c2aabe3c4a27b6769c8a88ec93221681fc3d01d469dcb","2026-07-28 18:22:53.506115"
1008,"Späti","Innenstadt","bf77f4e166b5d281718c2aabe3c4a27b6769c8a88ec93221681fc3d01d469dcb","2026-07-28 18:22:52.114897"
1007,"Späti","Nachtleben","bf77f4e166b5d281718c2aabe3c4a27b6769c8a88ec93221681fc3d01d469dcb","2026-07-28 18:22:50.298416"
1006,"Nachtleben","Freibad","bf77f4e166b5d281718c2aabe3c4a27b6769c8a88ec93221681fc3d01d469dcb","2026-07-28 18:22:48.478724"
1005,"Nachtleben","Sportplätze","bf77f4e166b5d281718c2aabe3c4a27b6769c8a88ec93221681fc3d01d469dcb","2026-07-28 18:22:46.421104"
1004,"Nachtleben","S-Bahn Haltestelle","bf77f4e166b5d281718c2aabe3c4a27b6769c8a88ec93221681fc3d01d469dcb","2026-07-28 18:22:44.122385"
1003,"S-Bahn Haltestelle","Cafe","bf77f4e166b5d281718c2aabe3c4a27b6769c8a88ec93221681fc3d01d469dcb","2026-07-28 18:22:38.601999"
1002,"Cafe","Döner","bf77f4e166b5d281718c2aabe3c4a27b6769c8a88ec93221681fc3d01d469dcb","2026-07-28 18:22:33.057351"
1001,"Döner","Campus","bf77f4e166b5d281718c2aabe3c4a27b6769c8a88ec93221681fc3d01d469dcb","2026-07-28 18:22:29.204014"
1000,"Döner","See","bf77f4e166b5d281718c2aabe3c4a27b6769c8a88ec93221681fc3d01d469dcb","2026-07-28 18:22:25.655403"
999,"See","Park","bf77f4e166b5d281718c2aabe3c4a27b6769c8a88ec93221681fc3d01d469dcb","2026-07-28 18:22:21.83178"
998,"Park","Bib","bf77f4e166b5d281718c2aabe3c4a27b6769c8a88ec93221681fc3d01d469dcb","2026-07-28 18:22:13.310797"
997,"Bib","Discounter","bf77f4e166b5d281718c2aabe3c4a27b6769c8a88ec93221681fc3d01d469dcb","2026-07-28 18:22:07.472413"
996,"Park","S-Bahn Haltestelle","bf77f4e166b5d281718c2aabe3c4a27b6769c8a88ec93221681fc3d01d469dcb","2026-07-28 18:19:35.991498"
995,"Park","Discounter","bf77f4e166b5d281718c2aabe3c4a27b6769c8a88ec93221681fc3d01d469dcb","2026-07-28 18:19:23.716272"
994,"Discounter","Innenstadt","bf77f4e166b5d281718c2aabe3c4a27b6769c8a88ec93221681fc3d01d469dcb","2026-07-28 18:19:11.475552"
993,"Discounter","Nachtleben","bf77f4e166b5d281718c2aabe3c4a27b6769c8a88ec93221681fc3d01d469dcb","2026-07-28 18:19:09.585834"
992,"Discounter","Gym","bf77f4e166b5d281718c2aabe3c4a27b6769c8a88ec93221681fc3d01d469dcb","2026-07-28 18:19:07.28535"
991,"Discounter","Cafe","bf77f4e166b5d281718c2aabe3c4a27b6769c8a88ec93221681fc3d01d469dcb","2026-07-28 18:19:05.985641"
990,"Discounter","Mensa","bf77f4e166b5d281718c2aabe3c4a27b6769c8a88ec93221681fc3d01d469dcb","2026-07-28 18:19:03.066425"
989,"Mensa","Freibad","bf77f4e166b5d281718c2aabe3c4a27b6769c8a88ec93221681fc3d01d469dcb","2026-07-28 18:18:58.683522"
988,"Mensa","See","bf77f4e166b5d281718c2aabe3c4a27b6769c8a88ec93221681fc3d01d469dcb","2026-07-28 18:18:56.511189"
987,"Mensa","Sportplätze","bf77f4e166b5d281718c2aabe3c4a27b6769c8a88ec93221681fc3d01d469dcb","2026-07-28 18:18:53.902082"
986,"Mensa","Döner","bf77f4e166b5d281718c2aabe3c4a27b6769c8a88ec93221681fc3d01d469dcb","2026-07-28 18:18:48.923567"
985,"Mensa","Späti","bf77f4e166b5d281718c2aabe3c4a27b6769c8a88ec93221681fc3d01d469dcb","2026-07-28 18:18:45.803571"
984,"Mensa","Bib","bf77f4e166b5d281718c2aabe3c4a27b6769c8a88ec93221681fc3d01d469dcb","2026-07-28 18:18:43.614548"
983,"Mensa","Campus","bf77f4e166b5d281718c2aabe3c4a27b6769c8a88ec93221681fc3d01d469dcb","2026-07-28 18:18:40.503967"
982,"Park","Späti","ae5387f5fdb5e7100370d924a1dbf6d45ee645cd9beb7973b685b333e6044e78","2026-07-28 18:16:44.44785"
981,"Park","Mensa","ae5387f5fdb5e7100370d924a1dbf6d45ee645cd9beb7973b685b333e6044e78","2026-07-28 18:16:42.205721"
980,"Park","Gym","ae5387f5fdb5e7100370d924a1dbf6d45ee645cd9beb7973b685b333e6044e78","2026-07-28 18:16:40.169261"
979,"Park","Freibad","ae5387f5fdb5e7100370d924a1dbf6d45ee645cd9beb7973b685b333e6044e78","2026-07-28 18:16:38.87071"
978,"Park","Nachtleben","ae5387f5fdb5e7100370d924a1dbf6d45ee645cd9beb7973b685b333e6044e78","2026-07-28 18:16:37.106864"
977,"Park","Innenstadt","ae5387f5fdb5e7100370d924a1dbf6d45ee645cd9beb7973b685b333e6044e78","2026-07-28 18:16:35.098017"
976,"Park","Bib","ae5387f5fdb5e7100370d924a1dbf6d45ee645cd9beb7973b685b333e6044e78","2026-07-28 18:16:33.358896"
975,"Park","S-Bahn Haltestelle","ae5387f5fdb5e7100370d924a1dbf6d45ee645cd9beb7973b685b333e6044e78","2026-07-28 18:16:31.138123"
974,"Park","Döner","ae5387f5fdb5e7100370d924a1dbf6d45ee645cd9beb7973b685b333e6044e78","2026-07-28 18:16:29.589367"
973,"Park","Sportplätze","ae5387f5fdb5e7100370d924a1dbf6d45ee645cd9beb7973b685b333e6044e78","2026-07-28 18:16:27.440415"
972,"Park","Cafe","ae5387f5fdb5e7100370d924a1dbf6d45ee645cd9beb7973b685b333e6044e78","2026-07-28 18:16:25.619403"
971,"Cafe","See","ae5387f5fdb5e7100370d924a1dbf6d45ee645cd9beb7973b685b333e6044e78","2026-07-28 18:16:23.182925"
970,"See","Discounter","ae5387f5fdb5e7100370d924a1dbf6d45ee645cd9beb7973b685b333e6044e78","2026-07-28 18:16:21.076977"
969,"See","Campus","ae5387f5fdb5e7100370d924a1dbf6d45ee645cd9beb7973b685b333e6044e78","2026-07-28 18:16:17.211179"
968,"Mensa","Freibad","628c19d196f9f9b190488631e9b6ae343e16133eb027c83e633df0611d4a345d","2026-07-28 17:51:10.376532"
967,"Mensa","Discounter","628c19d196f9f9b190488631e9b6ae343e16133eb027c83e633df0611d4a345d","2026-07-28 17:51:08.950292"
966,"Mensa","Campus","628c19d196f9f9b190488631e9b6ae343e16133eb027c83e633df0611d4a345d","2026-07-28 17:51:07.00689"
965,"Mensa","S-Bahn Haltestelle","628c19d196f9f9b190488631e9b6ae343e16133eb027c83e633df0611d4a345d","2026-07-28 17:51:04.844616"
964,"Mensa","Döner","628c19d196f9f9b190488631e9b6ae343e16133eb027c83e633df0611d4a345d","2026-07-28 17:50:59.038032"
963,"Mensa","Innenstadt","628c19d196f9f9b190488631e9b6ae343e16133eb027c83e633df0611d4a345d","2026-07-28 17:50:49.027165"
962,"Mensa","Nachtleben","628c19d196f9f9b190488631e9b6ae343e16133eb027c83e633df0611d4a345d","2026-07-28 17:50:47.618547"
961,"Mensa","Cafe","628c19d196f9f9b190488631e9b6ae343e16133eb027c83e633df0611d4a345d","2026-07-28 17:50:46.01433"
960,"Mensa","Bib","628c19d196f9f9b190488631e9b6ae343e16133eb027c83e633df0611d4a345d","2026-07-28 17:50:44.676482"
959,"Mensa","Späti","628c19d196f9f9b190488631e9b6ae343e16133eb027c83e633df0611d4a345d","2026-07-28 17:50:42.693467"
958,"Späti","See","628c19d196f9f9b190488631e9b6ae343e16133eb027c83e633df0611d4a345d","2026-07-28 17:50:37.719449"
957,"See","Gym","628c19d196f9f9b190488631e9b6ae343e16133eb027c83e633df0611d4a345d","2026-07-28 17:50:35.959273"
956,"See","Park","628c19d196f9f9b190488631e9b6ae343e16133eb027c83e633df0611d4a345d","2026-07-28 17:50:33.403625"
955,"See","Sportplätze","628c19d196f9f9b190488631e9b6ae343e16133eb027c83e633df0611d4a345d","2026-07-28 17:50:21.685665"
954,"Discounter","Bib","561c499a4e8da05aaa263bc450142064d537edfb4e631808ca5c9fa8e8d13985","2026-07-28 17:17:59.862667"
953,"Discounter","Campus","561c499a4e8da05aaa263bc450142064d537edfb4e631808ca5c9fa8e8d13985","2026-07-28 17:17:58.586337"
952,"Discounter","S-Bahn Haltestelle","561c499a4e8da05aaa263bc450142064d537edfb4e631808ca5c9fa8e8d13985","2026-07-28 17:17:57.133858"
951,"S-Bahn Haltestelle","Sportplätze","561c499a4e8da05aaa263bc450142064d537edfb4e631808ca5c9fa8e8d13985","2026-07-28 17:17:55.95021"
950,"S-Bahn Haltestelle","Späti","561c499a4e8da05aaa263bc450142064d537edfb4e631808ca5c9fa8e8d13985","2026-07-28 17:17:54.172565"
949,"Späti","Freibad","561c499a4e8da05aaa263bc450142064d537edfb4e631808ca5c9fa8e8d13985","2026-07-28 17:17:50.407441"
948,"Späti","Mensa","561c499a4e8da05aaa263bc450142064d537edfb4e631808ca5c9fa8e8d13985","2026-07-28 17:17:48.791913"
947,"Mensa","Gym","561c499a4e8da05aaa263bc450142064d537edfb4e631808ca5c9fa8e8d13985","2026-07-28 17:17:47.185387"
946,"Mensa","Cafe","561c499a4e8da05aaa263bc450142064d537edfb4e631808ca5c9fa8e8d13985","2026-07-28 17:17:45.968761"
945,"Mensa","Park","561c499a4e8da05aaa263bc450142064d537edfb4e631808ca5c9fa8e8d13985","2026-07-28 17:17:43.734659"
944,"Mensa","Döner","561c499a4e8da05aaa263bc450142064d537edfb4e631808ca5c9fa8e8d13985","2026-07-28 17:17:42.484693"
943,"Mensa","Nachtleben","561c499a4e8da05aaa263bc450142064d537edfb4e631808ca5c9fa8e8d13985","2026-07-28 17:17:40.684908"
942,"Nachtleben","See","561c499a4e8da05aaa263bc450142064d537edfb4e631808ca5c9fa8e8d13985","2026-07-28 17:17:38.588491"
941,"See","Innenstadt","561c499a4e8da05aaa263bc450142064d537edfb4e631808ca5c9fa8e8d13985","2026-07-28 17:17:34.393415"
940,"S-Bahn Haltestelle","Späti","acbfe639ff926d90c50423044a8f39af4ce6630da1b4cbb372b4604cdaa48ff3","2026-07-28 17:13:20.764935"
939,"Späti","Nachtleben","acbfe639ff926d90c50423044a8f39af4ce6630da1b4cbb372b4604cdaa48ff3","2026-07-28 17:13:14.320443"
938,"Späti","Sportplätze","acbfe639ff926d90c50423044a8f39af4ce6630da1b4cbb372b4604cdaa48ff3","2026-07-28 17:13:13.636053"
937,"Späti","Campus","acbfe639ff926d90c50423044a8f39af4ce6630da1b4cbb372b4604cdaa48ff3","2026-07-28 17:13:12.472133"
936,"Späti","Bib","acbfe639ff926d90c50423044a8f39af4ce6630da1b4cbb372b4604cdaa48ff3","2026-07-28 17:13:11.931055"
935,"Späti","Mensa","acbfe639ff926d90c50423044a8f39af4ce6630da1b4cbb372b4604cdaa48ff3","2026-07-28 17:13:10.890112"
934,"Mensa","Gym","acbfe639ff926d90c50423044a8f39af4ce6630da1b4cbb372b4604cdaa48ff3","2026-07-28 17:13:09.048813"
933,"Gym","See","acbfe639ff926d90c50423044a8f39af4ce6630da1b4cbb372b4604cdaa48ff3","2026-07-28 17:13:08.013591"
932,"See","Park","acbfe639ff926d90c50423044a8f39af4ce6630da1b4cbb372b4604cdaa48ff3","2026-07-28 17:13:06.950836"
931,"Park","Cafe","acbfe639ff926d90c50423044a8f39af4ce6630da1b4cbb372b4604cdaa48ff3","2026-07-28 17:13:05.246581"
930,"Cafe","Discounter","acbfe639ff926d90c50423044a8f39af4ce6630da1b4cbb372b4604cdaa48ff3","2026-07-28 17:13:03.947621"
929,"Discounter","Innenstadt","acbfe639ff926d90c50423044a8f39af4ce6630da1b4cbb372b4604cdaa48ff3","2026-07-28 17:13:01.704176"
928,"Innenstadt","Döner","acbfe639ff926d90c50423044a8f39af4ce6630da1b4cbb372b4604cdaa48ff3","2026-07-28 17:12:59.021481"
927,"Innenstadt","Freibad","acbfe639ff926d90c50423044a8f39af4ce6630da1b4cbb372b4604cdaa48ff3","2026-07-28 17:12:56.292279"
926,"Park","Innenstadt","a4f772e7d9393a57f26c4a0b83bd736a4b51e359286ed0d7147f5f0476ac8e25","2026-07-28 17:05:01.503975"
925,"Innenstadt","Discounter","a4f772e7d9393a57f26c4a0b83bd736a4b51e359286ed0d7147f5f0476ac8e25","2026-07-28 17:05:00.164403"
924,"Innenstadt","Späti","a4f772e7d9393a57f26c4a0b83bd736a4b51e359286ed0d7147f5f0476ac8e25","2026-07-28 17:04:56.47371"
923,"Späti","Bib","a4f772e7d9393a57f26c4a0b83bd736a4b51e359286ed0d7147f5f0476ac8e25","2026-07-28 17:04:54.814694"
922,"Bib","Gym","a4f772e7d9393a57f26c4a0b83bd736a4b51e359286ed0d7147f5f0476ac8e25","2026-07-28 17:04:52.248763"
921,"Gym","See","a4f772e7d9393a57f26c4a0b83bd736a4b51e359286ed0d7147f5f0476ac8e25","2026-07-28 17:04:50.778907"
920,"See","S-Bahn Haltestelle","a4f772e7d9393a57f26c4a0b83bd736a4b51e359286ed0d7147f5f0476ac8e25","2026-07-28 17:04:48.944482"
919,"S-Bahn Haltestelle","Campus","a4f772e7d9393a57f26c4a0b83bd736a4b51e359286ed0d7147f5f0476ac8e25","2026-07-28 17:04:45.200878"
918,"Campus","Sportplätze","a4f772e7d9393a57f26c4a0b83bd736a4b51e359286ed0d7147f5f0476ac8e25","2026-07-28 17:04:41.662929"
917,"Campus","Döner","a4f772e7d9393a57f26c4a0b83bd736a4b51e359286ed0d7147f5f0476ac8e25","2026-07-28 17:04:39.691863"
916,"Döner","Freibad","a4f772e7d9393a57f26c4a0b83bd736a4b51e359286ed0d7147f5f0476ac8e25","2026-07-28 17:04:37.991704"
915,"Döner","Cafe","a4f772e7d9393a57f26c4a0b83bd736a4b51e359286ed0d7147f5f0476ac8e25","2026-07-28 17:04:34.178657"
914,"Cafe","Mensa","a4f772e7d9393a57f26c4a0b83bd736a4b51e359286ed0d7147f5f0476ac8e25","2026-07-28 17:04:32.25939"
913,"Mensa","Nachtleben","a4f772e7d9393a57f26c4a0b83bd736a4b51e359286ed0d7147f5f0476ac8e25","2026-07-28 17:04:25.808775"
912,"Bib","Campus","54e25e827d18d9776f7209e568ea5adc410ce2e7b83417f5961fa85d65789ac6","2026-07-28 16:53:32.074666"
911,"Campus","Discounter","54e25e827d18d9776f7209e568ea5adc410ce2e7b83417f5961fa85d65789ac6","2026-07-28 16:53:30.253307"
910,"Discounter","Innenstadt","54e25e827d18d9776f7209e568ea5adc410ce2e7b83417f5961fa85d65789ac6","2026-07-28 16:53:27.754494"
909,"Discounter","Nachtleben","54e25e827d18d9776f7209e568ea5adc410ce2e7b83417f5961fa85d65789ac6","2026-07-28 16:53:25.919994"
908,"Discounter","Freibad","54e25e827d18d9776f7209e568ea5adc410ce2e7b83417f5961fa85d65789ac6","2026-07-28 16:53:24.151063"
907,"Discounter","Sportplätze","54e25e827d18d9776f7209e568ea5adc410ce2e7b83417f5961fa85d65789ac6","2026-07-28 16:53:22.166243"
906,"Discounter","Gym","54e25e827d18d9776f7209e568ea5adc410ce2e7b83417f5961fa85d65789ac6","2026-07-28 16:53:20.280786"
905,"Gym","Mensa","54e25e827d18d9776f7209e568ea5adc410ce2e7b83417f5961fa85d65789ac6","2026-07-28 16:53:18.733044"
904,"Gym","Späti","54e25e827d18d9776f7209e568ea5adc410ce2e7b83417f5961fa85d65789ac6","2026-07-28 16:53:16.75324"
903,"Späti","Cafe","54e25e827d18d9776f7209e568ea5adc410ce2e7b83417f5961fa85d65789ac6","2026-07-28 16:53:14.430447"
902,"Cafe","Park","54e25e827d18d9776f7209e568ea5adc410ce2e7b83417f5961fa85d65789ac6","2026-07-28 16:53:12.644843"
901,"Park","S-Bahn Haltestelle","54e25e827d18d9776f7209e568ea5adc410ce2e7b83417f5961fa85d65789ac6","2026-07-28 16:53:10.643877"
900,"Park","See","54e25e827d18d9776f7209e568ea5adc410ce2e7b83417f5961fa85d65789ac6","2026-07-28 16:53:03.988948"
899,"See","Döner","54e25e827d18d9776f7209e568ea5adc410ce2e7b83417f5961fa85d65789ac6","2026-07-28 16:52:58.401188"
898,"See","S-Bahn Haltestelle","2739c28927ea64558e756b82b57d637efd6105cbd7c91b6b5468f00eb267755c","2026-07-28 16:47:10.42791"
897,"See","Cafe","2739c28927ea64558e756b82b57d637efd6105cbd7c91b6b5468f00eb267755c","2026-07-28 16:47:08.747301"
896,"See","Gym","2739c28927ea64558e756b82b57d637efd6105cbd7c91b6b5468f00eb267755c","2026-07-28 16:47:07.809829"
895,"See","Döner","2739c28927ea64558e756b82b57d637efd6105cbd7c91b6b5468f00eb267755c","2026-07-28 16:47:06.604985"
894,"See","Campus","2739c28927ea64558e756b82b57d637efd6105cbd7c91b6b5468f00eb267755c","2026-07-28 16:47:05.592202"
893,"See","Park","2739c28927ea64558e756b82b57d637efd6105cbd7c91b6b5468f00eb267755c","2026-07-28 16:47:04.301938"
892,"See","Mensa","2739c28927ea64558e756b82b57d637efd6105cbd7c91b6b5468f00eb267755c","2026-07-28 16:47:02.987572"
891,"See","Späti","2739c28927ea64558e756b82b57d637efd6105cbd7c91b6b5468f00eb267755c","2026-07-28 16:47:01.219043"
890,"See","Nachtleben","2739c28927ea64558e756b82b57d637efd6105cbd7c91b6b5468f00eb267755c","2026-07-28 16:46:59.990876"
889,"See","Discounter","2739c28927ea64558e756b82b57d637efd6105cbd7c91b6b5468f00eb267755c","2026-07-28 16:46:58.234017"
888,"See","Innenstadt","2739c28927ea64558e756b82b57d637efd6105cbd7c91b6b5468f00eb267755c","2026-07-28 16:46:56.683991"
887,"See","Freibad","2739c28927ea64558e756b82b57d637efd6105cbd7c91b6b5468f00eb267755c","2026-07-28 16:46:54.939645"
886,"See","Sportplätze","2739c28927ea64558e756b82b57d637efd6105cbd7c91b6b5468f00eb267755c","2026-07-28 16:46:53.511475"
885,"See","Bib","2739c28927ea64558e756b82b57d637efd6105cbd7c91b6b5468f00eb267755c","2026-07-28 16:46:49.990914"
884,"Döner","Campus","286648181f8effb2abd5938a61a94db3c02a74454f977b2876c9e7ca71a4e1de","2026-07-28 16:26:55.559878"
883,"Campus","Späti","286648181f8effb2abd5938a61a94db3c02a74454f977b2876c9e7ca71a4e1de","2026-07-28 16:26:53.18629"
882,"Späti","Freibad","286648181f8effb2abd5938a61a94db3c02a74454f977b2876c9e7ca71a4e1de","2026-07-28 16:26:51.154537"
881,"Späti","S-Bahn Haltestelle","286648181f8effb2abd5938a61a94db3c02a74454f977b2876c9e7ca71a4e1de","2026-07-28 16:26:49.290725"
880,"S-Bahn Haltestelle","Bib","286648181f8effb2abd5938a61a94db3c02a74454f977b2876c9e7ca71a4e1de","2026-07-28 16:26:45.925089"
879,"Bib","See","286648181f8effb2abd5938a61a94db3c02a74454f977b2876c9e7ca71a4e1de","2026-07-28 16:26:39.278289"
878,"See","Nachtleben","286648181f8effb2abd5938a61a94db3c02a74454f977b2876c9e7ca71a4e1de","2026-07-28 16:26:37.444759"
877,"See","Cafe","286648181f8effb2abd5938a61a94db3c02a74454f977b2876c9e7ca71a4e1de","2026-07-28 16:26:33.931365"
876,"Cafe","Park","286648181f8effb2abd5938a61a94db3c02a74454f977b2876c9e7ca71a4e1de","2026-07-28 16:26:31.623828"
875,"Park","Gym","286648181f8effb2abd5938a61a94db3c02a74454f977b2876c9e7ca71a4e1de","2026-07-28 16:26:28.371197"
874,"Park","Innenstadt","286648181f8effb2abd5938a61a94db3c02a74454f977b2876c9e7ca71a4e1de","2026-07-28 16:26:25.231114"
873,"Innenstadt","Sportplätze","286648181f8effb2abd5938a61a94db3c02a74454f977b2876c9e7ca71a4e1de","2026-07-28 16:26:22.956887"
872,"Innenstadt","Discounter","286648181f8effb2abd5938a61a94db3c02a74454f977b2876c9e7ca71a4e1de","2026-07-28 16:26:20.152132"
871,"Discounter","Mensa","286648181f8effb2abd5938a61a94db3c02a74454f977b2876c9e7ca71a4e1de","2026-07-28 16:26:15.361869"
870,"Park","Bib","d5976326602a3ea329ed16e1fc605ec5d3017ef59501ad0f1ffc9a1a0ae33113","2026-07-28 16:25:54.342943"
869,"Park","S-Bahn Haltestelle","d5976326602a3ea329ed16e1fc605ec5d3017ef59501ad0f1ffc9a1a0ae33113","2026-07-28 16:25:52.658182"
868,"Park","Sportplätze","d5976326602a3ea329ed16e1fc605ec5d3017ef59501ad0f1ffc9a1a0ae33113","2026-07-28 16:25:48.325875"
867,"Park","Discounter","d5976326602a3ea329ed16e1fc605ec5d3017ef59501ad0f1ffc9a1a0ae33113","2026-07-28 16:25:46.567297"
866,"Discounter","Freibad","d5976326602a3ea329ed16e1fc605ec5d3017ef59501ad0f1ffc9a1a0ae33113","2026-07-28 16:25:36.21017"
865,"Discounter","Campus","d5976326602a3ea329ed16e1fc605ec5d3017ef59501ad0f1ffc9a1a0ae33113","2026-07-28 16:25:32.930367"
864,"Discounter","Mensa","d5976326602a3ea329ed16e1fc605ec5d3017ef59501ad0f1ffc9a1a0ae33113","2026-07-28 16:25:28.651812"
863,"Discounter","Gym","d5976326602a3ea329ed16e1fc605ec5d3017ef59501ad0f1ffc9a1a0ae33113","2026-07-28 16:25:26.057862"
862,"Discounter","Döner","d5976326602a3ea329ed16e1fc605ec5d3017ef59501ad0f1ffc9a1a0ae33113","2026-07-28 16:25:24.197742"
861,"Döner","Nachtleben","d5976326602a3ea329ed16e1fc605ec5d3017ef59501ad0f1ffc9a1a0ae33113","2026-07-28 16:25:20.871984"
860,"Döner","Cafe","d5976326602a3ea329ed16e1fc605ec5d3017ef59501ad0f1ffc9a1a0ae33113","2026-07-28 16:25:16.468088"
859,"Döner","Späti","d5976326602a3ea329ed16e1fc605ec5d3017ef59501ad0f1ffc9a1a0ae33113","2026-07-28 16:25:14.451047"
858,"Späti","Innenstadt","d5976326602a3ea329ed16e1fc605ec5d3017ef59501ad0f1ffc9a1a0ae33113","2026-07-28 16:25:01.612168"
857,"Späti","See","d5976326602a3ea329ed16e1fc605ec5d3017ef59501ad0f1ffc9a1a0ae33113","2026-07-28 16:24:54.082901"
856,"Park","Freibad","3dd718574f81cfa8e0dbb01b9745e218fdc1c6d54023ce5a5f58b86c5f4a79b1","2026-07-28 16:21:56.336729"
855,"Park","Innenstadt","3dd718574f81cfa8e0dbb01b9745e218fdc1c6d54023ce5a5f58b86c5f4a79b1","2026-07-28 16:21:54.174249"
854,"Innenstadt","Späti","3dd718574f81cfa8e0dbb01b9745e218fdc1c6d54023ce5a5f58b86c5f4a79b1","2026-07-28 16:21:50.555346"
853,"Innenstadt","See","3dd718574f81cfa8e0dbb01b9745e218fdc1c6d54023ce5a5f58b86c5f4a79b1","2026-07-28 16:21:48.72159"
852,"Innenstadt","Nachtleben","3dd718574f81cfa8e0dbb01b9745e218fdc1c6d54023ce5a5f58b86c5f4a79b1","2026-07-28 16:21:46.137768"
851,"Nachtleben","Discounter","3dd718574f81cfa8e0dbb01b9745e218fdc1c6d54023ce5a5f58b86c5f4a79b1","2026-07-28 16:21:42.043628"
850,"Nachtleben","Campus","3dd718574f81cfa8e0dbb01b9745e218fdc1c6d54023ce5a5f58b86c5f4a79b1","2026-07-28 16:21:39.367152"
849,"Campus","Döner","3dd718574f81cfa8e0dbb01b9745e218fdc1c6d54023ce5a5f58b86c5f4a79b1","2026-07-28 16:21:35.636701"
848,"Campus","Gym","3dd718574f81cfa8e0dbb01b9745e218fdc1c6d54023ce5a5f58b86c5f4a79b1","2026-07-28 16:21:33.77843"
847,"Gym","Bib","3dd718574f81cfa8e0dbb01b9745e218fdc1c6d54023ce5a5f58b86c5f4a79b1","2026-07-28 16:21:28.263555"
846,"Gym","Mensa","3dd718574f81cfa8e0dbb01b9745e218fdc1c6d54023ce5a5f58b86c5f4a79b1","2026-07-28 16:21:26.722377"
845,"Gym","S-Bahn Haltestelle","3dd718574f81cfa8e0dbb01b9745e218fdc1c6d54023ce5a5f58b86c5f4a79b1","2026-07-28 16:21:24.736002"
844,"Gym","Sportplätze","3dd718574f81cfa8e0dbb01b9745e218fdc1c6d54023ce5a5f58b86c5f4a79b1","2026-07-28 16:21:19.629444"
843,"Gym","Cafe","3dd718574f81cfa8e0dbb01b9745e218fdc1c6d54023ce5a5f58b86c5f4a79b1","2026-07-28 16:21:16.767329"
842,"Gym","Sportplätze","f81f5bdbd633b1ebb2305cf2e6356dff4e4c324f4a853852955d92c5c83585c0","2026-07-28 16:12:29.138102"
841,"Gym","Discounter","f81f5bdbd633b1ebb2305cf2e6356dff4e4c324f4a853852955d92c5c83585c0","2026-07-28 16:12:27.963525"
840,"Gym","Innenstadt","f81f5bdbd633b1ebb2305cf2e6356dff4e4c324f4a853852955d92c5c83585c0","2026-07-28 16:12:22.312487"
839,"Gym","Späti","f81f5bdbd633b1ebb2305cf2e6356dff4e4c324f4a853852955d92c5c83585c0","2026-07-28 16:12:21.380962"
838,"Gym","Döner","f81f5bdbd633b1ebb2305cf2e6356dff4e4c324f4a853852955d92c5c83585c0","2026-07-28 16:12:20.274902"
837,"Gym","Park","f81f5bdbd633b1ebb2305cf2e6356dff4e4c324f4a853852955d92c5c83585c0","2026-07-28 16:12:18.512079"
836,"Gym","Mensa","f81f5bdbd633b1ebb2305cf2e6356dff4e4c324f4a853852955d92c5c83585c0","2026-07-28 16:12:16.962648"
835,"Mensa","Bib","f81f5bdbd633b1ebb2305cf2e6356dff4e4c324f4a853852955d92c5c83585c0","2026-07-28 16:12:15.830253"
834,"Mensa","Nachtleben","f81f5bdbd633b1ebb2305cf2e6356dff4e4c324f4a853852955d92c5c83585c0","2026-07-28 16:12:13.619383"
833,"Mensa","Cafe","f81f5bdbd633b1ebb2305cf2e6356dff4e4c324f4a853852955d92c5c83585c0","2026-07-28 16:12:12.261845"
832,"Mensa","Freibad","f81f5bdbd633b1ebb2305cf2e6356dff4e4c324f4a853852955d92c5c83585c0","2026-07-28 16:12:08.940136"
831,"Mensa","See","f81f5bdbd633b1ebb2305cf2e6356dff4e4c324f4a853852955d92c5c83585c0","2026-07-28 16:12:07.269858"
830,"Mensa","Campus","f81f5bdbd633b1ebb2305cf2e6356dff4e4c324f4a853852955d92c5c83585c0","2026-07-28 16:12:05.052697"
829,"Mensa","S-Bahn Haltestelle","f81f5bdbd633b1ebb2305cf2e6356dff4e4c324f4a853852955d92c5c83585c0","2026-07-28 16:12:02.003948"
828,"Campus","Park","bf77f4e166b5d281718c2aabe3c4a27b6769c8a88ec93221681fc3d01d469dcb","2026-07-28 15:51:51.693306"
827,"Campus","Mensa","bf77f4e166b5d281718c2aabe3c4a27b6769c8a88ec93221681fc3d01d469dcb","2026-07-28 15:51:49.638265"
826,"Campus","Döner","bf77f4e166b5d281718c2aabe3c4a27b6769c8a88ec93221681fc3d01d469dcb","2026-07-28 15:51:47.324668"
825,"Campus","Gym","bf77f4e166b5d281718c2aabe3c4a27b6769c8a88ec93221681fc3d01d469dcb","2026-07-28 15:51:45.905795"
824,"Campus","Innenstadt","bf77f4e166b5d281718c2aabe3c4a27b6769c8a88ec93221681fc3d01d469dcb","2026-07-28 15:51:44.788419"
823,"Campus","Discounter","bf77f4e166b5d281718c2aabe3c4a27b6769c8a88ec93221681fc3d01d469dcb","2026-07-28 15:51:36.463242"
822,"Campus","Bib","bf77f4e166b5d281718c2aabe3c4a27b6769c8a88ec93221681fc3d01d469dcb","2026-07-28 15:51:25.861775"
821,"Campus","S-Bahn Haltestelle","bf77f4e166b5d281718c2aabe3c4a27b6769c8a88ec93221681fc3d01d469dcb","2026-07-28 15:51:24.04983"
820,"Campus","Sportplätze","bf77f4e166b5d281718c2aabe3c4a27b6769c8a88ec93221681fc3d01d469dcb","2026-07-28 15:51:20.209966"
819,"Campus","See","bf77f4e166b5d281718c2aabe3c4a27b6769c8a88ec93221681fc3d01d469dcb","2026-07-28 15:51:19.107245"
818,"Campus","Späti","bf77f4e166b5d281718c2aabe3c4a27b6769c8a88ec93221681fc3d01d469dcb","2026-07-28 15:51:17.143994"
817,"Campus","Nachtleben","bf77f4e166b5d281718c2aabe3c4a27b6769c8a88ec93221681fc3d01d469dcb","2026-07-28 15:51:15.808903"
816,"Campus","Cafe","bf77f4e166b5d281718c2aabe3c4a27b6769c8a88ec93221681fc3d01d469dcb","2026-07-28 15:51:11.929371"
815,"Cafe","Freibad","bf77f4e166b5d281718c2aabe3c4a27b6769c8a88ec93221681fc3d01d469dcb","2026-07-28 15:51:08.553313"
814,"Campus","Nachtleben","bf77f4e166b5d281718c2aabe3c4a27b6769c8a88ec93221681fc3d01d469dcb","2026-07-28 15:50:03.610924"
813,"Campus","Freibad","bf77f4e166b5d281718c2aabe3c4a27b6769c8a88ec93221681fc3d01d469dcb","2026-07-28 15:50:02.018167"
812,"Campus","S-Bahn Haltestelle","bf77f4e166b5d281718c2aabe3c4a27b6769c8a88ec93221681fc3d01d469dcb","2026-07-28 15:50:00.353942"
811,"Campus","Discounter","bf77f4e166b5d281718c2aabe3c4a27b6769c8a88ec93221681fc3d01d469dcb","2026-07-28 15:49:58.291469"
810,"Discounter","Bib","bf77f4e166b5d281718c2aabe3c4a27b6769c8a88ec93221681fc3d01d469dcb","2026-07-28 15:49:56.258458"
809,"Discounter","Gym","bf77f4e166b5d281718c2aabe3c4a27b6769c8a88ec93221681fc3d01d469dcb","2026-07-28 15:49:54.471039"
808,"Discounter","Späti","bf77f4e166b5d281718c2aabe3c4a27b6769c8a88ec93221681fc3d01d469dcb","2026-07-28 15:49:52.760601"
807,"Discounter","Innenstadt","bf77f4e166b5d281718c2aabe3c4a27b6769c8a88ec93221681fc3d01d469dcb","2026-07-28 15:49:50.878801"
806,"Discounter","Park","bf77f4e166b5d281718c2aabe3c4a27b6769c8a88ec93221681fc3d01d469dcb","2026-07-28 15:49:48.044375"
805,"Park","See","bf77f4e166b5d281718c2aabe3c4a27b6769c8a88ec93221681fc3d01d469dcb","2026-07-28 15:49:46.066939"
804,"Park","Döner","bf77f4e166b5d281718c2aabe3c4a27b6769c8a88ec93221681fc3d01d469dcb","2026-07-28 15:49:44.284174"
803,"Döner","Mensa","bf77f4e166b5d281718c2aabe3c4a27b6769c8a88ec93221681fc3d01d469dcb","2026-07-28 15:49:42.039776"
802,"Mensa","Cafe","bf77f4e166b5d281718c2aabe3c4a27b6769c8a88ec93221681fc3d01d469dcb","2026-07-28 15:49:38.906644"
801,"Cafe","Sportplätze","bf77f4e166b5d281718c2aabe3c4a27b6769c8a88ec93221681fc3d01d469dcb","2026-07-28 15:49:34.462162"
800,"S-Bahn Haltestelle","Späti","e1b93577408f88349740e14cb737f2aa18f1a2ff9c803875c18a48665a9db666","2026-07-28 15:49:20.298456"
799,"S-Bahn Haltestelle","Discounter","e1b93577408f88349740e14cb737f2aa18f1a2ff9c803875c18a48665a9db666","2026-07-28 15:49:15.852039"
798,"Discounter","Innenstadt","e1b93577408f88349740e14cb737f2aa18f1a2ff9c803875c18a48665a9db666","2026-07-28 15:49:09.61738"
797,"Innenstadt","Gym","e1b93577408f88349740e14cb737f2aa18f1a2ff9c803875c18a48665a9db666","2026-07-28 15:49:07.17885"
796,"Innenstadt","Nachtleben","e1b93577408f88349740e14cb737f2aa18f1a2ff9c803875c18a48665a9db666","2026-07-28 15:49:04.863894"
795,"Innenstadt","Döner","e1b93577408f88349740e14cb737f2aa18f1a2ff9c803875c18a48665a9db666","2026-07-28 15:49:00.218521"
794,"Döner","Park","e1b93577408f88349740e14cb737f2aa18f1a2ff9c803875c18a48665a9db666","2026-07-28 15:48:56.5365"
793,"Döner","Mensa","e1b93577408f88349740e14cb737f2aa18f1a2ff9c803875c18a48665a9db666","2026-07-28 15:48:53.06178"
792,"Döner","Cafe","e1b93577408f88349740e14cb737f2aa18f1a2ff9c803875c18a48665a9db666","2026-07-28 15:48:49.060833"
791,"Döner","Bib","e1b93577408f88349740e14cb737f2aa18f1a2ff9c803875c18a48665a9db666","2026-07-28 15:48:44.162271"
790,"Döner","Freibad","e1b93577408f88349740e14cb737f2aa18f1a2ff9c803875c18a48665a9db666","2026-07-28 15:48:41.995042"
789,"Döner","Sportplätze","e1b93577408f88349740e14cb737f2aa18f1a2ff9c803875c18a48665a9db666","2026-07-28 15:48:35.536068"
788,"Döner","See","e1b93577408f88349740e14cb737f2aa18f1a2ff9c803875c18a48665a9db666","2026-07-28 15:48:32.07707"
787,"See","Campus","e1b93577408f88349740e14cb737f2aa18f1a2ff9c803875c18a48665a9db666","2026-07-28 15:48:22.622645"
786,"Mensa","Park","268b633e32790339a6cf7b9777cd31aa142233362bcffb3615f29261c19b1ee7","2026-07-28 15:46:09.239504"
785,"Mensa","Sportplätze","268b633e32790339a6cf7b9777cd31aa142233362bcffb3615f29261c19b1ee7","2026-07-28 15:46:08.901479"
784,"Mensa","Freibad","268b633e32790339a6cf7b9777cd31aa142233362bcffb3615f29261c19b1ee7","2026-07-28 15:46:08.429315"
783,"Mensa","S-Bahn Haltestelle","268b633e32790339a6cf7b9777cd31aa142233362bcffb3615f29261c19b1ee7","2026-07-28 15:46:07.910194"
782,"Mensa","Nachtleben","268b633e32790339a6cf7b9777cd31aa142233362bcffb3615f29261c19b1ee7","2026-07-28 15:46:07.434807"
781,"Mensa","Cafe","268b633e32790339a6cf7b9777cd31aa142233362bcffb3615f29261c19b1ee7","2026-07-28 15:46:06.835789"
780,"Mensa","Gym","268b633e32790339a6cf7b9777cd31aa142233362bcffb3615f29261c19b1ee7","2026-07-28 15:46:05.687736"
779,"Mensa","Discounter","268b633e32790339a6cf7b9777cd31aa142233362bcffb3615f29261c19b1ee7","2026-07-28 15:46:04.18728"
778,"Mensa","Späti","268b633e32790339a6cf7b9777cd31aa142233362bcffb3615f29261c19b1ee7","2026-07-28 15:46:03.007979"
777,"Mensa","Innenstadt","268b633e32790339a6cf7b9777cd31aa142233362bcffb3615f29261c19b1ee7","2026-07-28 15:46:01.653678"
776,"Mensa","See","268b633e32790339a6cf7b9777cd31aa142233362bcffb3615f29261c19b1ee7","2026-07-28 15:46:00.383814"
775,"Mensa","Campus","268b633e32790339a6cf7b9777cd31aa142233362bcffb3615f29261c19b1ee7","2026-07-28 15:45:58.783372"
774,"Mensa","Döner","268b633e32790339a6cf7b9777cd31aa142233362bcffb3615f29261c19b1ee7","2026-07-28 15:45:57.096158"
773,"Mensa","Bib","268b633e32790339a6cf7b9777cd31aa142233362bcffb3615f29261c19b1ee7","2026-07-28 15:45:53.654022"
772,"Döner","Cafe","7c0bfe40e3eb08d7b239c7862b305f88db472c712b7d14c4365e981bd2375fe2","2026-07-28 15:36:09.306694"
771,"Döner","Späti","7c0bfe40e3eb08d7b239c7862b305f88db472c712b7d14c4365e981bd2375fe2","2026-07-28 15:36:08.019863"
770,"Döner","Innenstadt","7c0bfe40e3eb08d7b239c7862b305f88db472c712b7d14c4365e981bd2375fe2","2026-07-28 15:36:06.115737"
769,"Döner","Sportplätze","7c0bfe40e3eb08d7b239c7862b305f88db472c712b7d14c4365e981bd2375fe2","2026-07-28 15:36:04.540429"
768,"Döner","Bib","7c0bfe40e3eb08d7b239c7862b305f88db472c712b7d14c4365e981bd2375fe2","2026-07-28 15:36:02.903448"
767,"Döner","Mensa","7c0bfe40e3eb08d7b239c7862b305f88db472c712b7d14c4365e981bd2375fe2","2026-07-28 15:36:00.983724"
766,"Döner","Freibad","7c0bfe40e3eb08d7b239c7862b305f88db472c712b7d14c4365e981bd2375fe2","2026-07-28 15:35:59.80717"
765,"Döner","Campus","7c0bfe40e3eb08d7b239c7862b305f88db472c712b7d14c4365e981bd2375fe2","2026-07-28 15:35:58.339346"
764,"Döner","Gym","7c0bfe40e3eb08d7b239c7862b305f88db472c712b7d14c4365e981bd2375fe2","2026-07-28 15:35:57.044353"
763,"Döner","See","7c0bfe40e3eb08d7b239c7862b305f88db472c712b7d14c4365e981bd2375fe2","2026-07-28 15:35:55.464757"
762,"Döner","Park","7c0bfe40e3eb08d7b239c7862b305f88db472c712b7d14c4365e981bd2375fe2","2026-07-28 15:35:52.035021"
761,"Döner","Nachtleben","7c0bfe40e3eb08d7b239c7862b305f88db472c712b7d14c4365e981bd2375fe2","2026-07-28 15:35:50.121911"
760,"Döner","Discounter","7c0bfe40e3eb08d7b239c7862b305f88db472c712b7d14c4365e981bd2375fe2","2026-07-28 15:35:48.540302"
759,"Discounter","S-Bahn Haltestelle","7c0bfe40e3eb08d7b239c7862b305f88db472c712b7d14c4365e981bd2375fe2","2026-07-28 15:35:45.357499"
758,"Späti","Cafe","d5976326602a3ea329ed16e1fc605ec5d3017ef59501ad0f1ffc9a1a0ae33113","2026-07-28 15:35:04.439769"
757,"Späti","Sportplätze","d5976326602a3ea329ed16e1fc605ec5d3017ef59501ad0f1ffc9a1a0ae33113","2026-07-28 15:35:01.958728"
756,"Späti","Mensa","d5976326602a3ea329ed16e1fc605ec5d3017ef59501ad0f1ffc9a1a0ae33113","2026-07-28 15:35:00.530118"
755,"Späti","Freibad","d5976326602a3ea329ed16e1fc605ec5d3017ef59501ad0f1ffc9a1a0ae33113","2026-07-28 15:34:59.122697"
754,"Späti","Campus","d5976326602a3ea329ed16e1fc605ec5d3017ef59501ad0f1ffc9a1a0ae33113","2026-07-28 15:34:57.364792"
753,"Späti","See","d5976326602a3ea329ed16e1fc605ec5d3017ef59501ad0f1ffc9a1a0ae33113","2026-07-28 15:34:55.472795"
752,"Späti","Innenstadt","d5976326602a3ea329ed16e1fc605ec5d3017ef59501ad0f1ffc9a1a0ae33113","2026-07-28 15:34:43.355066"
751,"Späti","Bib","d5976326602a3ea329ed16e1fc605ec5d3017ef59501ad0f1ffc9a1a0ae33113","2026-07-28 15:34:41.782287"
750,"Späti","S-Bahn Haltestelle","d5976326602a3ea329ed16e1fc605ec5d3017ef59501ad0f1ffc9a1a0ae33113","2026-07-28 15:34:38.069335"
749,"Späti","Döner","d5976326602a3ea329ed16e1fc605ec5d3017ef59501ad0f1ffc9a1a0ae33113","2026-07-28 15:34:35.114694"
748,"Späti","Gym","d5976326602a3ea329ed16e1fc605ec5d3017ef59501ad0f1ffc9a1a0ae33113","2026-07-28 15:34:17.863991"
747,"Späti","Park","d5976326602a3ea329ed16e1fc605ec5d3017ef59501ad0f1ffc9a1a0ae33113","2026-07-28 15:34:15.930392"
746,"Park","Discounter","d5976326602a3ea329ed16e1fc605ec5d3017ef59501ad0f1ffc9a1a0ae33113","2026-07-28 15:34:13.666732"
745,"Park","Nachtleben","d5976326602a3ea329ed16e1fc605ec5d3017ef59501ad0f1ffc9a1a0ae33113","2026-07-28 15:34:07.077425"
744,"Bib","Park","13827786e73103730d06bc50d57db83d8858cd42afa6f12a9f2c53c03911823f","2026-07-28 15:33:48.88314"
743,"Park","Gym","13827786e73103730d06bc50d57db83d8858cd42afa6f12a9f2c53c03911823f","2026-07-28 15:33:47.384248"
742,"Park","Freibad","13827786e73103730d06bc50d57db83d8858cd42afa6f12a9f2c53c03911823f","2026-07-28 15:33:45.60984"
741,"Freibad","Campus","13827786e73103730d06bc50d57db83d8858cd42afa6f12a9f2c53c03911823f","2026-07-28 15:33:42.214725"
740,"Campus","Cafe","13827786e73103730d06bc50d57db83d8858cd42afa6f12a9f2c53c03911823f","2026-07-28 15:33:40.306746"
739,"Campus","Döner","13827786e73103730d06bc50d57db83d8858cd42afa6f12a9f2c53c03911823f","2026-07-28 15:33:35.458374"
738,"Döner","Innenstadt","13827786e73103730d06bc50d57db83d8858cd42afa6f12a9f2c53c03911823f","2026-07-28 15:33:26.182626"
737,"Innenstadt","Sportplätze","13827786e73103730d06bc50d57db83d8858cd42afa6f12a9f2c53c03911823f","2026-07-28 15:33:23.921892"
736,"Innenstadt","Späti","13827786e73103730d06bc50d57db83d8858cd42afa6f12a9f2c53c03911823f","2026-07-28 15:33:19.282559"
735,"Innenstadt","Mensa","13827786e73103730d06bc50d57db83d8858cd42afa6f12a9f2c53c03911823f","2026-07-28 15:33:14.087739"
734,"Mensa","See","13827786e73103730d06bc50d57db83d8858cd42afa6f12a9f2c53c03911823f","2026-07-28 15:33:12.79993"
733,"Mensa","Discounter","13827786e73103730d06bc50d57db83d8858cd42afa6f12a9f2c53c03911823f","2026-07-28 15:33:06.481876"
732,"Discounter","Nachtleben","13827786e73103730d06bc50d57db83d8858cd42afa6f12a9f2c53c03911823f","2026-07-28 15:33:00.459887"
731,"Nachtleben","Park","79c812de0d2057bc0f5bc0783dc30895f3146fda038f92b5d15b8af814d4fa3e","2026-07-28 15:31:42.830318"
730,"Nachtleben","Discounter","79c812de0d2057bc0f5bc0783dc30895f3146fda038f92b5d15b8af814d4fa3e","2026-07-28 15:31:38.045541"
729,"Nachtleben","Späti","79c812de0d2057bc0f5bc0783dc30895f3146fda038f92b5d15b8af814d4fa3e","2026-07-28 15:31:35.245245"
728,"Nachtleben","Cafe","79c812de0d2057bc0f5bc0783dc30895f3146fda038f92b5d15b8af814d4fa3e","2026-07-28 15:31:32.82655"
727,"Nachtleben","Sportplätze","79c812de0d2057bc0f5bc0783dc30895f3146fda038f92b5d15b8af814d4fa3e","2026-07-28 15:31:30.912155"
726,"Nachtleben","Gym","79c812de0d2057bc0f5bc0783dc30895f3146fda038f92b5d15b8af814d4fa3e","2026-07-28 15:31:29.253987"
725,"Nachtleben","Mensa","79c812de0d2057bc0f5bc0783dc30895f3146fda038f92b5d15b8af814d4fa3e","2026-07-28 15:31:27.172292"
724,"Mensa","Campus","79c812de0d2057bc0f5bc0783dc30895f3146fda038f92b5d15b8af814d4fa3e","2026-07-28 15:31:24.812127"
723,"Campus","S-Bahn Haltestelle","79c812de0d2057bc0f5bc0783dc30895f3146fda038f92b5d15b8af814d4fa3e","2026-07-28 15:31:22.712202"
722,"S-Bahn Haltestelle","Döner","79c812de0d2057bc0f5bc0783dc30895f3146fda038f92b5d15b8af814d4fa3e","2026-07-28 15:31:17.731375"
721,"S-Bahn Haltestelle","Bib","79c812de0d2057bc0f5bc0783dc30895f3146fda038f92b5d15b8af814d4fa3e","2026-07-28 15:31:15.197552"
720,"Bib","Freibad","79c812de0d2057bc0f5bc0783dc30895f3146fda038f92b5d15b8af814d4fa3e","2026-07-28 15:31:12.764956"
719,"Bib","Innenstadt","79c812de0d2057bc0f5bc0783dc30895f3146fda038f92b5d15b8af814d4fa3e","2026-07-28 15:31:09.954099"
718,"Innenstadt","See","79c812de0d2057bc0f5bc0783dc30895f3146fda038f92b5d15b8af814d4fa3e","2026-07-28 15:31:06.203409"
717,"Park","Mensa","d5976326602a3ea329ed16e1fc605ec5d3017ef59501ad0f1ffc9a1a0ae33113","2026-07-28 15:29:46.966306"
716,"Park","Späti","d5976326602a3ea329ed16e1fc605ec5d3017ef59501ad0f1ffc9a1a0ae33113","2026-07-28 15:29:45.043116"
715,"Späti","Campus","d5976326602a3ea329ed16e1fc605ec5d3017ef59501ad0f1ffc9a1a0ae33113","2026-07-28 15:29:42.695307"
714,"Späti","Gym","d5976326602a3ea329ed16e1fc605ec5d3017ef59501ad0f1ffc9a1a0ae33113","2026-07-28 15:29:40.830912"
713,"Späti","Döner","d5976326602a3ea329ed16e1fc605ec5d3017ef59501ad0f1ffc9a1a0ae33113","2026-07-28 15:29:39.324047"
712,"Döner","Discounter","d5976326602a3ea329ed16e1fc605ec5d3017ef59501ad0f1ffc9a1a0ae33113","2026-07-28 15:29:36.627421"
711,"Döner","Nachtleben","d5976326602a3ea329ed16e1fc605ec5d3017ef59501ad0f1ffc9a1a0ae33113","2026-07-28 15:29:33.775643"
710,"Nachtleben","Bib","d5976326602a3ea329ed16e1fc605ec5d3017ef59501ad0f1ffc9a1a0ae33113","2026-07-28 15:29:32.029769"
709,"Nachtleben","S-Bahn Haltestelle","d5976326602a3ea329ed16e1fc605ec5d3017ef59501ad0f1ffc9a1a0ae33113","2026-07-28 15:29:30.429387"
708,"Nachtleben","Sportplätze","d5976326602a3ea329ed16e1fc605ec5d3017ef59501ad0f1ffc9a1a0ae33113","2026-07-28 15:29:28.551681"
707,"Nachtleben","See","d5976326602a3ea329ed16e1fc605ec5d3017ef59501ad0f1ffc9a1a0ae33113","2026-07-28 15:29:26.689999"
706,"See","Freibad","d5976326602a3ea329ed16e1fc605ec5d3017ef59501ad0f1ffc9a1a0ae33113","2026-07-28 15:29:20.285797"
705,"Freibad","Cafe","d5976326602a3ea329ed16e1fc605ec5d3017ef59501ad0f1ffc9a1a0ae33113","2026-07-28 15:29:17.845769"
704,"Cafe","Innenstadt","d5976326602a3ea329ed16e1fc605ec5d3017ef59501ad0f1ffc9a1a0ae33113","2026-07-28 15:29:11.778841"
703,"See","Sportplätze","17169e17f195ae57ba3566dba45cbbbcafe79e00d678866c6e503f01be452fa9","2026-07-28 15:16:26.318402"
702,"See","Gym","17169e17f195ae57ba3566dba45cbbbcafe79e00d678866c6e503f01be452fa9","2026-07-28 15:16:22.127087"
701,"See","Nachtleben","17169e17f195ae57ba3566dba45cbbbcafe79e00d678866c6e503f01be452fa9","2026-07-28 15:16:19.167623"
700,"Nachtleben","Freibad","17169e17f195ae57ba3566dba45cbbbcafe79e00d678866c6e503f01be452fa9","2026-07-28 15:16:17.265622"
699,"Nachtleben","Döner","17169e17f195ae57ba3566dba45cbbbcafe79e00d678866c6e503f01be452fa9","2026-07-28 15:16:14.639314"
698,"Döner","Bib","17169e17f195ae57ba3566dba45cbbbcafe79e00d678866c6e503f01be452fa9","2026-07-28 15:16:12.08485"
697,"Bib","Park","17169e17f195ae57ba3566dba45cbbbcafe79e00d678866c6e503f01be452fa9","2026-07-28 15:16:10.885099"
696,"Park","Campus","17169e17f195ae57ba3566dba45cbbbcafe79e00d678866c6e503f01be452fa9","2026-07-28 15:16:09.550634"
695,"Park","Innenstadt","17169e17f195ae57ba3566dba45cbbbcafe79e00d678866c6e503f01be452fa9","2026-07-28 15:16:06.797188"
694,"Park","Mensa","17169e17f195ae57ba3566dba45cbbbcafe79e00d678866c6e503f01be452fa9","2026-07-28 15:16:05.189792"
693,"Mensa","Cafe","17169e17f195ae57ba3566dba45cbbbcafe79e00d678866c6e503f01be452fa9","2026-07-28 15:16:03.904769"
692,"Cafe","Discounter","17169e17f195ae57ba3566dba45cbbbcafe79e00d678866c6e503f01be452fa9","2026-07-28 15:15:56.773874"
691,"Discounter","Späti","17169e17f195ae57ba3566dba45cbbbcafe79e00d678866c6e503f01be452fa9","2026-07-28 15:15:55.221568"
690,"Späti","S-Bahn Haltestelle","17169e17f195ae57ba3566dba45cbbbcafe79e00d678866c6e503f01be452fa9","2026-07-28 15:15:51.279849"
689,"S-Bahn Haltestelle","Döner","17169e17f195ae57ba3566dba45cbbbcafe79e00d678866c6e503f01be452fa9","2026-07-28 15:15:42.147386"
688,"S-Bahn Haltestelle","Sportplätze","17169e17f195ae57ba3566dba45cbbbcafe79e00d678866c6e503f01be452fa9","2026-07-28 15:15:35.917177"
687,"Campus","Gym","0b594e30582b08cb0f3be09c00a0ff5ab0fdb0e741c2f4d16a0eb5cc417ff59c","2026-07-28 15:07:55.788061"
686,"Campus","Freibad","0b594e30582b08cb0f3be09c00a0ff5ab0fdb0e741c2f4d16a0eb5cc417ff59c","2026-07-28 15:07:54.477234"
685,"Campus","Innenstadt","0b594e30582b08cb0f3be09c00a0ff5ab0fdb0e741c2f4d16a0eb5cc417ff59c","2026-07-28 15:07:53.015527"
684,"Campus","Nachtleben","0b594e30582b08cb0f3be09c00a0ff5ab0fdb0e741c2f4d16a0eb5cc417ff59c","2026-07-28 15:07:50.08826"
683,"Campus","Mensa","0b594e30582b08cb0f3be09c00a0ff5ab0fdb0e741c2f4d16a0eb5cc417ff59c","2026-07-28 15:07:47.726413"
682,"Mensa","Späti","0b594e30582b08cb0f3be09c00a0ff5ab0fdb0e741c2f4d16a0eb5cc417ff59c","2026-07-28 15:07:45.140307"
681,"Mensa","Cafe","0b594e30582b08cb0f3be09c00a0ff5ab0fdb0e741c2f4d16a0eb5cc417ff59c","2026-07-28 15:07:43.588238"
680,"Mensa","S-Bahn Haltestelle","0b594e30582b08cb0f3be09c00a0ff5ab0fdb0e741c2f4d16a0eb5cc417ff59c","2026-07-28 15:07:41.639779"
679,"S-Bahn Haltestelle","Discounter","0b594e30582b08cb0f3be09c00a0ff5ab0fdb0e741c2f4d16a0eb5cc417ff59c","2026-07-28 15:07:39.504473"
678,"Discounter","Park","0b594e30582b08cb0f3be09c00a0ff5ab0fdb0e741c2f4d16a0eb5cc417ff59c","2026-07-28 15:07:37.847468"
677,"Park","See","0b594e30582b08cb0f3be09c00a0ff5ab0fdb0e741c2f4d16a0eb5cc417ff59c","2026-07-28 15:07:34.310934"
676,"Park","Bib","0b594e30582b08cb0f3be09c00a0ff5ab0fdb0e741c2f4d16a0eb5cc417ff59c","2026-07-28 15:07:29.044858"
675,"Bib","Sportplätze","0b594e30582b08cb0f3be09c00a0ff5ab0fdb0e741c2f4d16a0eb5cc417ff59c","2026-07-28 15:07:27.366687"
674,"Bib","Döner","0b594e30582b08cb0f3be09c00a0ff5ab0fdb0e741c2f4d16a0eb5cc417ff59c","2026-07-28 15:07:19.243314"
673,"Cafe","Mensa","a5172ab8bc81e0bfada1abdd7f57c8aea0b8c56c28fea5e7e1c17ea91e64ee27","2026-07-28 14:57:58.967946"
672,"Mensa","See","a5172ab8bc81e0bfada1abdd7f57c8aea0b8c56c28fea5e7e1c17ea91e64ee27","2026-07-28 14:57:57.687622"
671,"Mensa","Sportplätze","a5172ab8bc81e0bfada1abdd7f57c8aea0b8c56c28fea5e7e1c17ea91e64ee27","2026-07-28 14:57:56.493767"
670,"Sportplätze","Bib","a5172ab8bc81e0bfada1abdd7f57c8aea0b8c56c28fea5e7e1c17ea91e64ee27","2026-07-28 14:57:55.14442"
669,"Bib","S-Bahn Haltestelle","a5172ab8bc81e0bfada1abdd7f57c8aea0b8c56c28fea5e7e1c17ea91e64ee27","2026-07-28 14:57:53.390798"
668,"S-Bahn Haltestelle","Späti","a5172ab8bc81e0bfada1abdd7f57c8aea0b8c56c28fea5e7e1c17ea91e64ee27","2026-07-28 14:57:51.955071"
667,"S-Bahn Haltestelle","Freibad","a5172ab8bc81e0bfada1abdd7f57c8aea0b8c56c28fea5e7e1c17ea91e64ee27","2026-07-28 14:57:48.751549"
666,"S-Bahn Haltestelle","Park","a5172ab8bc81e0bfada1abdd7f57c8aea0b8c56c28fea5e7e1c17ea91e64ee27","2026-07-28 14:57:46.400266"
665,"Park","Gym","a5172ab8bc81e0bfada1abdd7f57c8aea0b8c56c28fea5e7e1c17ea91e64ee27","2026-07-28 14:57:43.5785"
664,"Park","Campus","a5172ab8bc81e0bfada1abdd7f57c8aea0b8c56c28fea5e7e1c17ea91e64ee27","2026-07-28 14:57:41.757741"
663,"Campus","Discounter","a5172ab8bc81e0bfada1abdd7f57c8aea0b8c56c28fea5e7e1c17ea91e64ee27","2026-07-28 14:57:40.326299"
662,"Discounter","Döner","a5172ab8bc81e0bfada1abdd7f57c8aea0b8c56c28fea5e7e1c17ea91e64ee27","2026-07-28 14:57:32.954541"
661,"Discounter","Innenstadt","a5172ab8bc81e0bfada1abdd7f57c8aea0b8c56c28fea5e7e1c17ea91e64ee27","2026-07-28 14:57:26.330096"
660,"Discounter","Nachtleben","a5172ab8bc81e0bfada1abdd7f57c8aea0b8c56c28fea5e7e1c17ea91e64ee27","2026-07-28 14:57:23.493498"
659,"Späti","Gym","7b01eac1dc8d86f4dbfa5f7130b0d538449eeba65d92e2cdde60b6236f61977d","2026-07-28 14:55:54.32453"
658,"Gym","Sportplätze","7b01eac1dc8d86f4dbfa5f7130b0d538449eeba65d92e2cdde60b6236f61977d","2026-07-28 14:55:53.104546"
657,"Gym","Freibad","7b01eac1dc8d86f4dbfa5f7130b0d538449eeba65d92e2cdde60b6236f61977d","2026-07-28 14:55:48.40637"
656,"Gym","Park","7b01eac1dc8d86f4dbfa5f7130b0d538449eeba65d92e2cdde60b6236f61977d","2026-07-28 14:55:46.449459"
655,"Park","Innenstadt","7b01eac1dc8d86f4dbfa5f7130b0d538449eeba65d92e2cdde60b6236f61977d","2026-07-28 14:55:32.920339"
654,"Innenstadt","Mensa","7b01eac1dc8d86f4dbfa5f7130b0d538449eeba65d92e2cdde60b6236f61977d","2026-07-28 14:55:31.477815"
653,"Mensa","Döner","7b01eac1dc8d86f4dbfa5f7130b0d538449eeba65d92e2cdde60b6236f61977d","2026-07-28 14:55:29.67867"
652,"Döner","Nachtleben","7b01eac1dc8d86f4dbfa5f7130b0d538449eeba65d92e2cdde60b6236f61977d","2026-07-28 14:55:27.648959"
651,"Nachtleben","S-Bahn Haltestelle","7b01eac1dc8d86f4dbfa5f7130b0d538449eeba65d92e2cdde60b6236f61977d","2026-07-28 14:55:24.77967"
650,"S-Bahn Haltestelle","See","7b01eac1dc8d86f4dbfa5f7130b0d538449eeba65d92e2cdde60b6236f61977d","2026-07-28 14:55:20.75811"
649,"S-Bahn Haltestelle","Discounter","7b01eac1dc8d86f4dbfa5f7130b0d538449eeba65d92e2cdde60b6236f61977d","2026-07-28 14:55:15.406427"
648,"Discounter","Cafe","7b01eac1dc8d86f4dbfa5f7130b0d538449eeba65d92e2cdde60b6236f61977d","2026-07-28 14:55:12.450343"
647,"Cafe","Bib","7b01eac1dc8d86f4dbfa5f7130b0d538449eeba65d92e2cdde60b6236f61977d","2026-07-28 14:55:10.733157"
646,"Döner","See","72ddaa94cec479bf46ddd8741057a95bb122b7568b449f21c81d4168b6ff98e5","2026-07-28 14:55:06.015366"
645,"See","S-Bahn Haltestelle","72ddaa94cec479bf46ddd8741057a95bb122b7568b449f21c81d4168b6ff98e5","2026-07-28 14:55:04.920005"
644,"Cafe","Campus","7b01eac1dc8d86f4dbfa5f7130b0d538449eeba65d92e2cdde60b6236f61977d","2026-07-28 14:55:04.423779"
643,"See","Cafe","72ddaa94cec479bf46ddd8741057a95bb122b7568b449f21c81d4168b6ff98e5","2026-07-28 14:55:01.222303"
642,"Cafe","Mensa","72ddaa94cec479bf46ddd8741057a95bb122b7568b449f21c81d4168b6ff98e5","2026-07-28 14:54:59.999346"
641,"Cafe","Sportplätze","72ddaa94cec479bf46ddd8741057a95bb122b7568b449f21c81d4168b6ff98e5","2026-07-28 14:54:54.491261"
640,"Cafe","Nachtleben","72ddaa94cec479bf46ddd8741057a95bb122b7568b449f21c81d4168b6ff98e5","2026-07-28 14:54:51.324798"
639,"Cafe","Späti","72ddaa94cec479bf46ddd8741057a95bb122b7568b449f21c81d4168b6ff98e5","2026-07-28 14:54:49.309707"
638,"Späti","Freibad","72ddaa94cec479bf46ddd8741057a95bb122b7568b449f21c81d4168b6ff98e5","2026-07-28 14:54:47.651254"
637,"Späti","Innenstadt","72ddaa94cec479bf46ddd8741057a95bb122b7568b449f21c81d4168b6ff98e5","2026-07-28 14:54:45.981181"
636,"Späti","Gym","72ddaa94cec479bf46ddd8741057a95bb122b7568b449f21c81d4168b6ff98e5","2026-07-28 14:54:44.337318"
635,"Späti","Park","72ddaa94cec479bf46ddd8741057a95bb122b7568b449f21c81d4168b6ff98e5","2026-07-28 14:54:42.512319"
634,"Späti","Campus","72ddaa94cec479bf46ddd8741057a95bb122b7568b449f21c81d4168b6ff98e5","2026-07-28 14:54:40.300202"
633,"Späti","Discounter","72ddaa94cec479bf46ddd8741057a95bb122b7568b449f21c81d4168b6ff98e5","2026-07-28 14:54:31.979887"
632,"Späti","Bib","72ddaa94cec479bf46ddd8741057a95bb122b7568b449f21c81d4168b6ff98e5","2026-07-28 14:54:16.464681"
631,"S-Bahn Haltestelle","See","7b01eac1dc8d86f4dbfa5f7130b0d538449eeba65d92e2cdde60b6236f61977d","2026-07-28 14:40:35.795563"
630,"S-Bahn Haltestelle","Park","7b01eac1dc8d86f4dbfa5f7130b0d538449eeba65d92e2cdde60b6236f61977d","2026-07-28 14:40:34.325165"
629,"S-Bahn Haltestelle","Mensa","7b01eac1dc8d86f4dbfa5f7130b0d538449eeba65d92e2cdde60b6236f61977d","2026-07-28 14:40:32.876787"
628,"S-Bahn Haltestelle","Cafe","7b01eac1dc8d86f4dbfa5f7130b0d538449eeba65d92e2cdde60b6236f61977d","2026-07-28 14:40:31.478626"
627,"S-Bahn Haltestelle","Späti","7b01eac1dc8d86f4dbfa5f7130b0d538449eeba65d92e2cdde60b6236f61977d","2026-07-28 14:40:29.767419"
626,"S-Bahn Haltestelle","Freibad","7b01eac1dc8d86f4dbfa5f7130b0d538449eeba65d92e2cdde60b6236f61977d","2026-07-28 14:40:28.047792"
625,"S-Bahn Haltestelle","Nachtleben","7b01eac1dc8d86f4dbfa5f7130b0d538449eeba65d92e2cdde60b6236f61977d","2026-07-28 14:40:24.521027"
624,"Nachtleben","Bib","7b01eac1dc8d86f4dbfa5f7130b0d538449eeba65d92e2cdde60b6236f61977d","2026-07-28 14:40:18.528827"
623,"Nachtleben","Sportplätze","7b01eac1dc8d86f4dbfa5f7130b0d538449eeba65d92e2cdde60b6236f61977d","2026-07-28 14:40:16.742624"
622,"Nachtleben","Innenstadt","7b01eac1dc8d86f4dbfa5f7130b0d538449eeba65d92e2cdde60b6236f61977d","2026-07-28 14:40:14.961142"
621,"Nachtleben","Campus","7b01eac1dc8d86f4dbfa5f7130b0d538449eeba65d92e2cdde60b6236f61977d","2026-07-28 14:40:12.762932"
620,"Nachtleben","Discounter","7b01eac1dc8d86f4dbfa5f7130b0d538449eeba65d92e2cdde60b6236f61977d","2026-07-28 14:40:08.892309"
619,"Discounter","Gym","7b01eac1dc8d86f4dbfa5f7130b0d538449eeba65d92e2cdde60b6236f61977d","2026-07-28 14:40:05.580456"
618,"Discounter","Döner","7b01eac1dc8d86f4dbfa5f7130b0d538449eeba65d92e2cdde60b6236f61977d","2026-07-28 14:39:59.339395"
617,"Nachtleben","Park","3dd718574f81cfa8e0dbb01b9745e218fdc1c6d54023ce5a5f58b86c5f4a79b1","2026-07-28 14:33:33.521752"
616,"Park","Innenstadt","3dd718574f81cfa8e0dbb01b9745e218fdc1c6d54023ce5a5f58b86c5f4a79b1","2026-07-28 14:33:28.637601"
615,"Park","Döner","3dd718574f81cfa8e0dbb01b9745e218fdc1c6d54023ce5a5f58b86c5f4a79b1","2026-07-28 14:33:22.614066"
614,"Döner","Späti","3dd718574f81cfa8e0dbb01b9745e218fdc1c6d54023ce5a5f58b86c5f4a79b1","2026-07-28 14:33:18.046555"
613,"Späti","S-Bahn Haltestelle","3dd718574f81cfa8e0dbb01b9745e218fdc1c6d54023ce5a5f58b86c5f4a79b1","2026-07-28 14:33:15.847147"
612,"Späti","Campus","3dd718574f81cfa8e0dbb01b9745e218fdc1c6d54023ce5a5f58b86c5f4a79b1","2026-07-28 14:33:11.332159"
611,"Campus","Discounter","3dd718574f81cfa8e0dbb01b9745e218fdc1c6d54023ce5a5f58b86c5f4a79b1","2026-07-28 14:33:03.320503"
610,"Campus","Bib","3dd718574f81cfa8e0dbb01b9745e218fdc1c6d54023ce5a5f58b86c5f4a79b1","2026-07-28 14:33:01.499831"
609,"Bib","See","3dd718574f81cfa8e0dbb01b9745e218fdc1c6d54023ce5a5f58b86c5f4a79b1","2026-07-28 14:32:53.248667"
608,"Nachtleben","See","d5976326602a3ea329ed16e1fc605ec5d3017ef59501ad0f1ffc9a1a0ae33113","2026-07-28 14:27:56.800256"
607,"See","Park","d5976326602a3ea329ed16e1fc605ec5d3017ef59501ad0f1ffc9a1a0ae33113","2026-07-28 14:27:54.82184"
606,"See","Cafe","d5976326602a3ea329ed16e1fc605ec5d3017ef59501ad0f1ffc9a1a0ae33113","2026-07-28 14:27:53.25692"
605,"See","Bib","d5976326602a3ea329ed16e1fc605ec5d3017ef59501ad0f1ffc9a1a0ae33113","2026-07-28 14:27:45.484548"
604,"See","Freibad","d5976326602a3ea329ed16e1fc605ec5d3017ef59501ad0f1ffc9a1a0ae33113","2026-07-28 14:27:43.869523"
603,"Freibad","Späti","d5976326602a3ea329ed16e1fc605ec5d3017ef59501ad0f1ffc9a1a0ae33113","2026-07-28 14:27:41.754915"
602,"Freibad","Discounter","d5976326602a3ea329ed16e1fc605ec5d3017ef59501ad0f1ffc9a1a0ae33113","2026-07-28 14:27:38.144912"
601,"Discounter","Mensa","d5976326602a3ea329ed16e1fc605ec5d3017ef59501ad0f1ffc9a1a0ae33113","2026-07-28 14:27:34.352876"
600,"Discounter","Döner","d5976326602a3ea329ed16e1fc605ec5d3017ef59501ad0f1ffc9a1a0ae33113","2026-07-28 14:27:33.017757"
599,"Discounter","Gym","d5976326602a3ea329ed16e1fc605ec5d3017ef59501ad0f1ffc9a1a0ae33113","2026-07-28 14:27:30.708865"
598,"Discounter","Innenstadt","d5976326602a3ea329ed16e1fc605ec5d3017ef59501ad0f1ffc9a1a0ae33113","2026-07-28 14:27:29.328175"
597,"Discounter","S-Bahn Haltestelle","d5976326602a3ea329ed16e1fc605ec5d3017ef59501ad0f1ffc9a1a0ae33113","2026-07-28 14:27:26.863273"
596,"S-Bahn Haltestelle","Campus","d5976326602a3ea329ed16e1fc605ec5d3017ef59501ad0f1ffc9a1a0ae33113","2026-07-28 14:27:25.127596"
595,"Campus","Sportplätze","d5976326602a3ea329ed16e1fc605ec5d3017ef59501ad0f1ffc9a1a0ae33113","2026-07-28 14:27:21.753182"
594,"See","Discounter","bf77f4e166b5d281718c2aabe3c4a27b6769c8a88ec93221681fc3d01d469dcb","2026-07-28 14:25:04.580436"
593,"See","Nachtleben","bf77f4e166b5d281718c2aabe3c4a27b6769c8a88ec93221681fc3d01d469dcb","2026-07-28 14:25:02.778998"
592,"See","Mensa","bf77f4e166b5d281718c2aabe3c4a27b6769c8a88ec93221681fc3d01d469dcb","2026-07-28 14:25:00.645058"
591,"See","Innenstadt","bf77f4e166b5d281718c2aabe3c4a27b6769c8a88ec93221681fc3d01d469dcb","2026-07-28 14:24:58.797026"
590,"See","Cafe","bf77f4e166b5d281718c2aabe3c4a27b6769c8a88ec93221681fc3d01d469dcb","2026-07-28 14:24:52.836699"
589,"See","Döner","bf77f4e166b5d281718c2aabe3c4a27b6769c8a88ec93221681fc3d01d469dcb","2026-07-28 14:24:50.782653"
588,"See","Gym","bf77f4e166b5d281718c2aabe3c4a27b6769c8a88ec93221681fc3d01d469dcb","2026-07-28 14:24:48.908504"
587,"Gym","Campus","bf77f4e166b5d281718c2aabe3c4a27b6769c8a88ec93221681fc3d01d469dcb","2026-07-28 14:24:46.92169"
586,"Campus","Sportplätze","bf77f4e166b5d281718c2aabe3c4a27b6769c8a88ec93221681fc3d01d469dcb","2026-07-28 14:24:44.825692"
585,"Campus","Späti","bf77f4e166b5d281718c2aabe3c4a27b6769c8a88ec93221681fc3d01d469dcb","2026-07-28 14:24:42.580925"
584,"Campus","Bib","bf77f4e166b5d281718c2aabe3c4a27b6769c8a88ec93221681fc3d01d469dcb","2026-07-28 14:24:40.756311"
583,"Campus","S-Bahn Haltestelle","bf77f4e166b5d281718c2aabe3c4a27b6769c8a88ec93221681fc3d01d469dcb","2026-07-28 14:24:37.788873"
582,"S-Bahn Haltestelle","Park","bf77f4e166b5d281718c2aabe3c4a27b6769c8a88ec93221681fc3d01d469dcb","2026-07-28 14:24:35.512923"
581,"Park","Freibad","bf77f4e166b5d281718c2aabe3c4a27b6769c8a88ec93221681fc3d01d469dcb","2026-07-28 14:24:29.503114"
580,"Döner","Innenstadt","ed06f46af160a3e95e68779f745cd722f42f8053267ecd30f3cdf39337f55580","2026-07-28 14:23:34.282858"
579,"Döner","Sportplätze","ed06f46af160a3e95e68779f745cd722f42f8053267ecd30f3cdf39337f55580","2026-07-28 14:23:33.177816"
578,"Döner","Park","ed06f46af160a3e95e68779f745cd722f42f8053267ecd30f3cdf39337f55580","2026-07-28 14:23:31.709459"
577,"Döner","Gym","ed06f46af160a3e95e68779f745cd722f42f8053267ecd30f3cdf39337f55580","2026-07-28 14:23:30.556492"
576,"Döner","Campus","ed06f46af160a3e95e68779f745cd722f42f8053267ecd30f3cdf39337f55580","2026-07-28 14:23:29.354692"
575,"Döner","S-Bahn Haltestelle","ed06f46af160a3e95e68779f745cd722f42f8053267ecd30f3cdf39337f55580","2026-07-28 14:23:28.125693"
574,"Döner","Bib","ed06f46af160a3e95e68779f745cd722f42f8053267ecd30f3cdf39337f55580","2026-07-28 14:23:25.437076"
573,"Döner","Freibad","ed06f46af160a3e95e68779f745cd722f42f8053267ecd30f3cdf39337f55580","2026-07-28 14:23:24.086193"
572,"Döner","See","ed06f46af160a3e95e68779f745cd722f42f8053267ecd30f3cdf39337f55580","2026-07-28 14:23:23.005885"
571,"Döner","Cafe","ed06f46af160a3e95e68779f745cd722f42f8053267ecd30f3cdf39337f55580","2026-07-28 14:23:21.638041"
570,"Döner","Nachtleben","ed06f46af160a3e95e68779f745cd722f42f8053267ecd30f3cdf39337f55580","2026-07-28 14:23:19.046381"
569,"Döner","Späti","ed06f46af160a3e95e68779f745cd722f42f8053267ecd30f3cdf39337f55580","2026-07-28 14:23:17.800937"
568,"Döner","Discounter","ed06f46af160a3e95e68779f745cd722f42f8053267ecd30f3cdf39337f55580","2026-07-28 14:23:16.727927"
567,"Döner","Mensa","ed06f46af160a3e95e68779f745cd722f42f8053267ecd30f3cdf39337f55580","2026-07-28 14:23:12.275266"
566,"S-Bahn Haltestelle","Discounter","7b01eac1dc8d86f4dbfa5f7130b0d538449eeba65d92e2cdde60b6236f61977d","2026-07-28 14:23:03.137289"
565,"Discounter","Döner","7b01eac1dc8d86f4dbfa5f7130b0d538449eeba65d92e2cdde60b6236f61977d","2026-07-28 14:23:00.57421"
564,"Döner","Mensa","7b01eac1dc8d86f4dbfa5f7130b0d538449eeba65d92e2cdde60b6236f61977d","2026-07-28 14:22:58.35919"
563,"Mensa","Cafe","7b01eac1dc8d86f4dbfa5f7130b0d538449eeba65d92e2cdde60b6236f61977d","2026-07-28 14:22:55.698973"
562,"Mensa","See","7b01eac1dc8d86f4dbfa5f7130b0d538449eeba65d92e2cdde60b6236f61977d","2026-07-28 14:22:52.970104"
561,"See","Gym","7b01eac1dc8d86f4dbfa5f7130b0d538449eeba65d92e2cdde60b6236f61977d","2026-07-28 14:22:51.012778"
560,"See","Park","7b01eac1dc8d86f4dbfa5f7130b0d538449eeba65d92e2cdde60b6236f61977d","2026-07-28 14:22:47.724065"
559,"Park","Nachtleben","7b01eac1dc8d86f4dbfa5f7130b0d538449eeba65d92e2cdde60b6236f61977d","2026-07-28 14:22:45.174283"
558,"Nachtleben","Späti","7b01eac1dc8d86f4dbfa5f7130b0d538449eeba65d92e2cdde60b6236f61977d","2026-07-28 14:22:41.699652"
557,"Späti","Sportplätze","7b01eac1dc8d86f4dbfa5f7130b0d538449eeba65d92e2cdde60b6236f61977d","2026-07-28 14:22:38.45985"
556,"Sportplätze","Campus","7b01eac1dc8d86f4dbfa5f7130b0d538449eeba65d92e2cdde60b6236f61977d","2026-07-28 14:22:31.246981"
555,"Campus","Bib","7b01eac1dc8d86f4dbfa5f7130b0d538449eeba65d92e2cdde60b6236f61977d","2026-07-28 14:22:29.376913"
554,"Campus","Innenstadt","7b01eac1dc8d86f4dbfa5f7130b0d538449eeba65d92e2cdde60b6236f61977d","2026-07-28 14:22:24.497036"
553,"Innenstadt","Freibad","7b01eac1dc8d86f4dbfa5f7130b0d538449eeba65d92e2cdde60b6236f61977d","2026-07-28 14:22:18.612257"
552,"S-Bahn Haltestelle","Gym","1588f6e0c4ec38458456e85b34187cca56b5da688323055c29ab6c790bf260d1","2026-07-28 14:20:11.133473"
551,"Gym","Park","1588f6e0c4ec38458456e85b34187cca56b5da688323055c29ab6c790bf260d1","2026-07-28 14:20:09.024791"
550,"Gym","Cafe","1588f6e0c4ec38458456e85b34187cca56b5da688323055c29ab6c790bf260d1","2026-07-28 14:20:06.591086"
549,"Gym","Bib","1588f6e0c4ec38458456e85b34187cca56b5da688323055c29ab6c790bf260d1","2026-07-28 14:20:03.86346"
548,"Gym","Döner","1588f6e0c4ec38458456e85b34187cca56b5da688323055c29ab6c790bf260d1","2026-07-28 14:20:01.248008"
547,"Gym","See","1588f6e0c4ec38458456e85b34187cca56b5da688323055c29ab6c790bf260d1","2026-07-28 14:19:57.710904"
546,"See","Freibad","1588f6e0c4ec38458456e85b34187cca56b5da688323055c29ab6c790bf260d1","2026-07-28 14:19:53.463072"
545,"See","Späti","1588f6e0c4ec38458456e85b34187cca56b5da688323055c29ab6c790bf260d1","2026-07-28 14:19:51.568626"
544,"See","Nachtleben","1588f6e0c4ec38458456e85b34187cca56b5da688323055c29ab6c790bf260d1","2026-07-28 14:19:49.540519"
543,"See","Sportplätze","1588f6e0c4ec38458456e85b34187cca56b5da688323055c29ab6c790bf260d1","2026-07-28 14:19:47.253166"
542,"See","Campus","1588f6e0c4ec38458456e85b34187cca56b5da688323055c29ab6c790bf260d1","2026-07-28 14:19:45.103644"
541,"Campus","Discounter","1588f6e0c4ec38458456e85b34187cca56b5da688323055c29ab6c790bf260d1","2026-07-28 14:19:33.114583"
540,"Discounter","Mensa","1588f6e0c4ec38458456e85b34187cca56b5da688323055c29ab6c790bf260d1","2026-07-28 14:19:26.480677"
539,"Discounter","Innenstadt","1588f6e0c4ec38458456e85b34187cca56b5da688323055c29ab6c790bf260d1","2026-07-28 14:19:14.723168"
538,"Innenstadt","Campus","d5976326602a3ea329ed16e1fc605ec5d3017ef59501ad0f1ffc9a1a0ae33113","2026-07-28 14:15:56.714893"
537,"Campus","S-Bahn Haltestelle","d5976326602a3ea329ed16e1fc605ec5d3017ef59501ad0f1ffc9a1a0ae33113","2026-07-28 14:15:51.074154"
536,"Campus","Cafe","d5976326602a3ea329ed16e1fc605ec5d3017ef59501ad0f1ffc9a1a0ae33113","2026-07-28 14:15:49.339684"
535,"Cafe","Späti","d5976326602a3ea329ed16e1fc605ec5d3017ef59501ad0f1ffc9a1a0ae33113","2026-07-28 14:15:46.194086"
534,"Cafe","Nachtleben","d5976326602a3ea329ed16e1fc605ec5d3017ef59501ad0f1ffc9a1a0ae33113","2026-07-28 14:15:44.900818"
533,"Cafe","Park","d5976326602a3ea329ed16e1fc605ec5d3017ef59501ad0f1ffc9a1a0ae33113","2026-07-28 14:15:43.650596"
532,"Park","See","d5976326602a3ea329ed16e1fc605ec5d3017ef59501ad0f1ffc9a1a0ae33113","2026-07-28 14:15:38.403861"
531,"Park","Freibad","d5976326602a3ea329ed16e1fc605ec5d3017ef59501ad0f1ffc9a1a0ae33113","2026-07-28 14:15:37.077686"
530,"Park","Mensa","d5976326602a3ea329ed16e1fc605ec5d3017ef59501ad0f1ffc9a1a0ae33113","2026-07-28 14:15:35.592713"
529,"Mensa","Döner","d5976326602a3ea329ed16e1fc605ec5d3017ef59501ad0f1ffc9a1a0ae33113","2026-07-28 14:15:33.296003"
528,"Mensa","Gym","d5976326602a3ea329ed16e1fc605ec5d3017ef59501ad0f1ffc9a1a0ae33113","2026-07-28 14:15:31.428252"
527,"Mensa","Bib","d5976326602a3ea329ed16e1fc605ec5d3017ef59501ad0f1ffc9a1a0ae33113","2026-07-28 14:15:29.562693"
526,"Mensa","Discounter","d5976326602a3ea329ed16e1fc605ec5d3017ef59501ad0f1ffc9a1a0ae33113","2026-07-28 14:15:22.410071"
525,"Discounter","Sportplätze","d5976326602a3ea329ed16e1fc605ec5d3017ef59501ad0f1ffc9a1a0ae33113","2026-07-28 14:15:14.753252"
524,"Bib","Döner","5e4eb6c9a2c56ee29d2d9e0e2e425c9108e08c4db145b9a067fb11c23290efbb","2026-07-28 14:14:53.694709"
523,"Bib","Sportplätze","5e4eb6c9a2c56ee29d2d9e0e2e425c9108e08c4db145b9a067fb11c23290efbb","2026-07-28 14:14:51.940975"
522,"Sportplätze","Gym","5e4eb6c9a2c56ee29d2d9e0e2e425c9108e08c4db145b9a067fb11c23290efbb","2026-07-28 14:14:50.539135"
521,"Sportplätze","Campus","5e4eb6c9a2c56ee29d2d9e0e2e425c9108e08c4db145b9a067fb11c23290efbb","2026-07-28 14:14:49.228138"
520,"Sportplätze","S-Bahn Haltestelle","5e4eb6c9a2c56ee29d2d9e0e2e425c9108e08c4db145b9a067fb11c23290efbb","2026-07-28 14:14:47.061701"
519,"S-Bahn Haltestelle","Innenstadt","5e4eb6c9a2c56ee29d2d9e0e2e425c9108e08c4db145b9a067fb11c23290efbb","2026-07-28 14:14:45.090811"
518,"S-Bahn Haltestelle","Mensa","5e4eb6c9a2c56ee29d2d9e0e2e425c9108e08c4db145b9a067fb11c23290efbb","2026-07-28 14:14:42.617808"
517,"S-Bahn Haltestelle","Discounter","5e4eb6c9a2c56ee29d2d9e0e2e425c9108e08c4db145b9a067fb11c23290efbb","2026-07-28 14:14:40.890327"
516,"Discounter","Park","5e4eb6c9a2c56ee29d2d9e0e2e425c9108e08c4db145b9a067fb11c23290efbb","2026-07-28 14:14:38.950327"
515,"Park","Freibad","5e4eb6c9a2c56ee29d2d9e0e2e425c9108e08c4db145b9a067fb11c23290efbb","2026-07-28 14:14:37.312136"
514,"Park","Nachtleben","5e4eb6c9a2c56ee29d2d9e0e2e425c9108e08c4db145b9a067fb11c23290efbb","2026-07-28 14:14:34.149165"
513,"Park","Späti","5e4eb6c9a2c56ee29d2d9e0e2e425c9108e08c4db145b9a067fb11c23290efbb","2026-07-28 14:14:31.413582"
512,"Park","See","5e4eb6c9a2c56ee29d2d9e0e2e425c9108e08c4db145b9a067fb11c23290efbb","2026-07-28 14:14:29.675069"
511,"Park","Cafe","5e4eb6c9a2c56ee29d2d9e0e2e425c9108e08c4db145b9a067fb11c23290efbb","2026-07-28 14:14:26.22273"
510,"Nachtleben","Cafe","3a272ee5f1df76e5f5dfc87ba38f52ef1fa66f66d3d6c7a5df11a9734596c4b7","2026-07-28 14:04:46.137333"
509,"Nachtleben","Mensa","3a272ee5f1df76e5f5dfc87ba38f52ef1fa66f66d3d6c7a5df11a9734596c4b7","2026-07-28 14:04:44.721804"
508,"Mensa","See","3a272ee5f1df76e5f5dfc87ba38f52ef1fa66f66d3d6c7a5df11a9734596c4b7","2026-07-28 14:04:43.282378"
507,"Mensa","Discounter","3a272ee5f1df76e5f5dfc87ba38f52ef1fa66f66d3d6c7a5df11a9734596c4b7","2026-07-28 14:04:41.653651"
506,"Mensa","Späti","3a272ee5f1df76e5f5dfc87ba38f52ef1fa66f66d3d6c7a5df11a9734596c4b7","2026-07-28 14:04:39.580784"
505,"Späti","Campus","3a272ee5f1df76e5f5dfc87ba38f52ef1fa66f66d3d6c7a5df11a9734596c4b7","2026-07-28 14:04:38.287952"
504,"Späti","Park","3a272ee5f1df76e5f5dfc87ba38f52ef1fa66f66d3d6c7a5df11a9734596c4b7","2026-07-28 14:04:36.491649"
503,"Park","Gym","3a272ee5f1df76e5f5dfc87ba38f52ef1fa66f66d3d6c7a5df11a9734596c4b7","2026-07-28 14:04:35.243018"
502,"Park","Bib","3a272ee5f1df76e5f5dfc87ba38f52ef1fa66f66d3d6c7a5df11a9734596c4b7","2026-07-28 14:04:33.83999"
501,"Bib","Freibad","3a272ee5f1df76e5f5dfc87ba38f52ef1fa66f66d3d6c7a5df11a9734596c4b7","2026-07-28 14:04:32.471654"
500,"Bib","Sportplätze","3a272ee5f1df76e5f5dfc87ba38f52ef1fa66f66d3d6c7a5df11a9734596c4b7","2026-07-28 14:04:30.436993"
499,"Bib","Döner","3a272ee5f1df76e5f5dfc87ba38f52ef1fa66f66d3d6c7a5df11a9734596c4b7","2026-07-28 14:04:28.992452"
498,"Bib","S-Bahn Haltestelle","3a272ee5f1df76e5f5dfc87ba38f52ef1fa66f66d3d6c7a5df11a9734596c4b7","2026-07-28 14:04:26.368202"
497,"S-Bahn Haltestelle","Innenstadt","3a272ee5f1df76e5f5dfc87ba38f52ef1fa66f66d3d6c7a5df11a9734596c4b7","2026-07-28 14:04:22.789488"
496,"Campus","Innenstadt","de5d39b74e1b9294524b81f5216b4b9e0f54d55ac03494edf85e2b6be593c165","2026-07-28 14:03:14.367544"
495,"Campus","Sportplätze","de5d39b74e1b9294524b81f5216b4b9e0f54d55ac03494edf85e2b6be593c165","2026-07-28 14:03:12.90256"
494,"Campus","Bib","de5d39b74e1b9294524b81f5216b4b9e0f54d55ac03494edf85e2b6be593c165","2026-07-28 14:03:10.928842"
493,"Campus","Gym","de5d39b74e1b9294524b81f5216b4b9e0f54d55ac03494edf85e2b6be593c165","2026-07-28 14:03:09.542595"
492,"Campus","Cafe","de5d39b74e1b9294524b81f5216b4b9e0f54d55ac03494edf85e2b6be593c165","2026-07-28 14:03:08.262444"
491,"Campus","Döner","de5d39b74e1b9294524b81f5216b4b9e0f54d55ac03494edf85e2b6be593c165","2026-07-28 14:03:06.4783"
490,"Campus","Freibad","de5d39b74e1b9294524b81f5216b4b9e0f54d55ac03494edf85e2b6be593c165","2026-07-28 14:03:05.042418"
489,"Bib","Campus","d5976326602a3ea329ed16e1fc605ec5d3017ef59501ad0f1ffc9a1a0ae33113","2026-07-28 14:03:04.35739"
488,"Bib","Campus","d5976326602a3ea329ed16e1fc605ec5d3017ef59501ad0f1ffc9a1a0ae33113","2026-07-28 14:03:03.817094"
487,"Campus","Nachtleben","de5d39b74e1b9294524b81f5216b4b9e0f54d55ac03494edf85e2b6be593c165","2026-07-28 14:03:03.758365"
486,"Campus","S-Bahn Haltestelle","de5d39b74e1b9294524b81f5216b4b9e0f54d55ac03494edf85e2b6be593c165","2026-07-28 14:03:01.910429"
485,"Campus","Späti","de5d39b74e1b9294524b81f5216b4b9e0f54d55ac03494edf85e2b6be593c165","2026-07-28 14:02:59.120576"
484,"Bib","Discounter","d5976326602a3ea329ed16e1fc605ec5d3017ef59501ad0f1ffc9a1a0ae33113","2026-07-28 14:02:58.436763"
483,"Campus","See","de5d39b74e1b9294524b81f5216b4b9e0f54d55ac03494edf85e2b6be593c165","2026-07-28 14:02:56.872532"
482,"See","Discounter","de5d39b74e1b9294524b81f5216b4b9e0f54d55ac03494edf85e2b6be593c165","2026-07-28 14:02:54.415425"
481,"Discounter","Park","de5d39b74e1b9294524b81f5216b4b9e0f54d55ac03494edf85e2b6be593c165","2026-07-28 14:02:52.670321"
480,"Park","Mensa","de5d39b74e1b9294524b81f5216b4b9e0f54d55ac03494edf85e2b6be593c165","2026-07-28 14:02:48.132807"
479,"Bib","Gym","d5976326602a3ea329ed16e1fc605ec5d3017ef59501ad0f1ffc9a1a0ae33113","2026-07-28 14:02:31.568516"
478,"Bib","Nachtleben","d5976326602a3ea329ed16e1fc605ec5d3017ef59501ad0f1ffc9a1a0ae33113","2026-07-28 14:02:27.337462"
477,"Bib","Cafe","d5976326602a3ea329ed16e1fc605ec5d3017ef59501ad0f1ffc9a1a0ae33113","2026-07-28 14:02:25.239537"
476,"Bib","Innenstadt","d5976326602a3ea329ed16e1fc605ec5d3017ef59501ad0f1ffc9a1a0ae33113","2026-07-28 14:02:13.027329"
475,"Bib","Freibad","d5976326602a3ea329ed16e1fc605ec5d3017ef59501ad0f1ffc9a1a0ae33113","2026-07-28 14:02:10.564591"
474,"Freibad","Sportplätze","d5976326602a3ea329ed16e1fc605ec5d3017ef59501ad0f1ffc9a1a0ae33113","2026-07-28 14:02:05.295362"
473,"Mensa","Döner","bf77f4e166b5d281718c2aabe3c4a27b6769c8a88ec93221681fc3d01d469dcb","2026-07-28 14:02:01.609924"
472,"Freibad","Park","d5976326602a3ea329ed16e1fc605ec5d3017ef59501ad0f1ffc9a1a0ae33113","2026-07-28 14:02:00.89511"
471,"Park","See","d5976326602a3ea329ed16e1fc605ec5d3017ef59501ad0f1ffc9a1a0ae33113","2026-07-28 14:01:57.478235"
470,"Döner","Innenstadt","bf77f4e166b5d281718c2aabe3c4a27b6769c8a88ec93221681fc3d01d469dcb","2026-07-28 14:01:56.773166"
469,"Park","Döner","d5976326602a3ea329ed16e1fc605ec5d3017ef59501ad0f1ffc9a1a0ae33113","2026-07-28 14:01:55.353173"
468,"Innenstadt","Nachtleben","bf77f4e166b5d281718c2aabe3c4a27b6769c8a88ec93221681fc3d01d469dcb","2026-07-28 14:01:55.089825"
467,"Nachtleben","Sportplätze","bf77f4e166b5d281718c2aabe3c4a27b6769c8a88ec93221681fc3d01d469dcb","2026-07-28 14:01:53.38981"
466,"Park","Späti","d5976326602a3ea329ed16e1fc605ec5d3017ef59501ad0f1ffc9a1a0ae33113","2026-07-28 14:01:52.901117"
465,"Nachtleben","Cafe","bf77f4e166b5d281718c2aabe3c4a27b6769c8a88ec93221681fc3d01d469dcb","2026-07-28 14:01:50.309763"
464,"Park","S-Bahn Haltestelle","d5976326602a3ea329ed16e1fc605ec5d3017ef59501ad0f1ffc9a1a0ae33113","2026-07-28 14:01:48.861918"
463,"Nachtleben","S-Bahn Haltestelle","bf77f4e166b5d281718c2aabe3c4a27b6769c8a88ec93221681fc3d01d469dcb","2026-07-28 14:01:48.150178"
462,"S-Bahn Haltestelle","Mensa","d5976326602a3ea329ed16e1fc605ec5d3017ef59501ad0f1ffc9a1a0ae33113","2026-07-28 14:01:45.55619"
461,"S-Bahn Haltestelle","See","bf77f4e166b5d281718c2aabe3c4a27b6769c8a88ec93221681fc3d01d469dcb","2026-07-28 14:01:45.414432"
460,"S-Bahn Haltestelle","Campus","bf77f4e166b5d281718c2aabe3c4a27b6769c8a88ec93221681fc3d01d469dcb","2026-07-28 14:01:42.716946"
459,"S-Bahn Haltestelle","Gym","bf77f4e166b5d281718c2aabe3c4a27b6769c8a88ec93221681fc3d01d469dcb","2026-07-28 14:01:37.430093"
458,"S-Bahn Haltestelle","Discounter","bf77f4e166b5d281718c2aabe3c4a27b6769c8a88ec93221681fc3d01d469dcb","2026-07-28 14:01:34.591888"
457,"Discounter","Bib","bf77f4e166b5d281718c2aabe3c4a27b6769c8a88ec93221681fc3d01d469dcb","2026-07-28 14:01:33.11083"
456,"Discounter","Freibad","bf77f4e166b5d281718c2aabe3c4a27b6769c8a88ec93221681fc3d01d469dcb","2026-07-28 14:01:30.305499"
455,"Discounter","Park","bf77f4e166b5d281718c2aabe3c4a27b6769c8a88ec93221681fc3d01d469dcb","2026-07-28 14:01:28.590897"
454,"Park","Späti","bf77f4e166b5d281718c2aabe3c4a27b6769c8a88ec93221681fc3d01d469dcb","2026-07-28 14:01:15.750766"
453,"Campus","Cafe","51646a5e08e03c8aca3794aac892232dfc339a8c0f3d294c95925dc0a50e576a","2026-07-28 14:00:35.077174"
452,"Campus","Nachtleben","51646a5e08e03c8aca3794aac892232dfc339a8c0f3d294c95925dc0a50e576a","2026-07-28 14:00:33.602325"
451,"Campus","Gym","51646a5e08e03c8aca3794aac892232dfc339a8c0f3d294c95925dc0a50e576a","2026-07-28 14:00:32.070036"
450,"Campus","Bib","51646a5e08e03c8aca3794aac892232dfc339a8c0f3d294c95925dc0a50e576a","2026-07-28 14:00:29.389863"
449,"Discounter","Mensa","bf77f4e166b5d281718c2aabe3c4a27b6769c8a88ec93221681fc3d01d469dcb","2026-07-28 14:00:28.128108"
448,"Bib","Innenstadt","51646a5e08e03c8aca3794aac892232dfc339a8c0f3d294c95925dc0a50e576a","2026-07-28 14:00:27.704794"
447,"Discounter","Nachtleben","bf77f4e166b5d281718c2aabe3c4a27b6769c8a88ec93221681fc3d01d469dcb","2026-07-28 14:00:26.173071"
446,"Bib","Mensa","51646a5e08e03c8aca3794aac892232dfc339a8c0f3d294c95925dc0a50e576a","2026-07-28 14:00:25.35732"
445,"Nachtleben","Späti","bf77f4e166b5d281718c2aabe3c4a27b6769c8a88ec93221681fc3d01d469dcb","2026-07-28 14:00:24.687589"
444,"Mensa","Discounter","51646a5e08e03c8aca3794aac892232dfc339a8c0f3d294c95925dc0a50e576a","2026-07-28 14:00:23.797295"
443,"Späti","Park","bf77f4e166b5d281718c2aabe3c4a27b6769c8a88ec93221681fc3d01d469dcb","2026-07-28 14:00:22.61297"
442,"Mensa","Späti","51646a5e08e03c8aca3794aac892232dfc339a8c0f3d294c95925dc0a50e576a","2026-07-28 14:00:20.879711"
441,"Park","Freibad","bf77f4e166b5d281718c2aabe3c4a27b6769c8a88ec93221681fc3d01d469dcb","2026-07-28 14:00:20.457294"
440,"Mensa","Sportplätze","51646a5e08e03c8aca3794aac892232dfc339a8c0f3d294c95925dc0a50e576a","2026-07-28 14:00:18.762167"
439,"Park","Bib","bf77f4e166b5d281718c2aabe3c4a27b6769c8a88ec93221681fc3d01d469dcb","2026-07-28 14:00:17.908306"
438,"Park","Innenstadt","bf77f4e166b5d281718c2aabe3c4a27b6769c8a88ec93221681fc3d01d469dcb","2026-07-28 14:00:15.587401"
437,"Park","Cafe","bf77f4e166b5d281718c2aabe3c4a27b6769c8a88ec93221681fc3d01d469dcb","2026-07-28 14:00:13.80735"
436,"Park","See","bf77f4e166b5d281718c2aabe3c4a27b6769c8a88ec93221681fc3d01d469dcb","2026-07-28 14:00:09.847754"
435,"See","Gym","bf77f4e166b5d281718c2aabe3c4a27b6769c8a88ec93221681fc3d01d469dcb","2026-07-28 14:00:08.107579"
434,"See","Campus","bf77f4e166b5d281718c2aabe3c4a27b6769c8a88ec93221681fc3d01d469dcb","2026-07-28 14:00:05.907094"
433,"Mensa","Park","51646a5e08e03c8aca3794aac892232dfc339a8c0f3d294c95925dc0a50e576a","2026-07-28 14:00:05.812566"
432,"Park","Döner","51646a5e08e03c8aca3794aac892232dfc339a8c0f3d294c95925dc0a50e576a","2026-07-28 14:00:03.197381"
431,"See","Döner","bf77f4e166b5d281718c2aabe3c4a27b6769c8a88ec93221681fc3d01d469dcb","2026-07-28 14:00:02.687527"
430,"Park","See","51646a5e08e03c8aca3794aac892232dfc339a8c0f3d294c95925dc0a50e576a","2026-07-28 14:00:00.877203"
429,"Döner","S-Bahn Haltestelle","bf77f4e166b5d281718c2aabe3c4a27b6769c8a88ec93221681fc3d01d469dcb","2026-07-28 13:59:56.902976"
428,"Park","S-Bahn Haltestelle","51646a5e08e03c8aca3794aac892232dfc339a8c0f3d294c95925dc0a50e576a","2026-07-28 13:59:56.269825"
427,"S-Bahn Haltestelle","Sportplätze","bf77f4e166b5d281718c2aabe3c4a27b6769c8a88ec93221681fc3d01d469dcb","2026-07-28 13:59:52.713542"
426,"S-Bahn Haltestelle","Freibad","51646a5e08e03c8aca3794aac892232dfc339a8c0f3d294c95925dc0a50e576a","2026-07-28 13:59:50.442255"
425,"Innenstadt","Mensa","d5976326602a3ea329ed16e1fc605ec5d3017ef59501ad0f1ffc9a1a0ae33113","2026-07-28 13:54:20.233681"
424,"Mensa","Döner","d5976326602a3ea329ed16e1fc605ec5d3017ef59501ad0f1ffc9a1a0ae33113","2026-07-28 13:54:18.641562"
423,"Mensa","Cafe","d5976326602a3ea329ed16e1fc605ec5d3017ef59501ad0f1ffc9a1a0ae33113","2026-07-28 13:54:16.581491"
422,"Mensa","Gym","d5976326602a3ea329ed16e1fc605ec5d3017ef59501ad0f1ffc9a1a0ae33113","2026-07-28 13:54:13.949557"
421,"Mensa","Discounter","d5976326602a3ea329ed16e1fc605ec5d3017ef59501ad0f1ffc9a1a0ae33113","2026-07-28 13:54:12.370673"
420,"Mensa","Späti","d5976326602a3ea329ed16e1fc605ec5d3017ef59501ad0f1ffc9a1a0ae33113","2026-07-28 13:54:11.118205"
419,"Mensa","Bib","d5976326602a3ea329ed16e1fc605ec5d3017ef59501ad0f1ffc9a1a0ae33113","2026-07-28 13:54:09.679913"
418,"Mensa","Park","d5976326602a3ea329ed16e1fc605ec5d3017ef59501ad0f1ffc9a1a0ae33113","2026-07-28 13:54:08.076793"
417,"Mensa","Sportplätze","d5976326602a3ea329ed16e1fc605ec5d3017ef59501ad0f1ffc9a1a0ae33113","2026-07-28 13:54:04.746149"
416,"Mensa","See","d5976326602a3ea329ed16e1fc605ec5d3017ef59501ad0f1ffc9a1a0ae33113","2026-07-28 13:54:03.344659"
415,"Mensa","Nachtleben","d5976326602a3ea329ed16e1fc605ec5d3017ef59501ad0f1ffc9a1a0ae33113","2026-07-28 13:54:01.560123"
414,"Mensa","Freibad","d5976326602a3ea329ed16e1fc605ec5d3017ef59501ad0f1ffc9a1a0ae33113","2026-07-28 13:53:58.644376"
413,"Mensa","Campus","d5976326602a3ea329ed16e1fc605ec5d3017ef59501ad0f1ffc9a1a0ae33113","2026-07-28 13:53:55.84485"
412,"Campus","S-Bahn Haltestelle","d5976326602a3ea329ed16e1fc605ec5d3017ef59501ad0f1ffc9a1a0ae33113","2026-07-28 13:53:49.390306"
411,"Cafe","Sportplätze","286648181f8effb2abd5938a61a94db3c02a74454f977b2876c9e7ca71a4e1de","2026-07-28 13:53:27.538265"
410,"Cafe","Freibad","286648181f8effb2abd5938a61a94db3c02a74454f977b2876c9e7ca71a4e1de","2026-07-28 13:53:25.999116"
409,"Cafe","Späti","286648181f8effb2abd5938a61a94db3c02a74454f977b2876c9e7ca71a4e1de","2026-07-28 13:53:24.261038"
408,"Späti","Gym","286648181f8effb2abd5938a61a94db3c02a74454f977b2876c9e7ca71a4e1de","2026-07-28 13:53:22.761829"
407,"Späti","S-Bahn Haltestelle","286648181f8effb2abd5938a61a94db3c02a74454f977b2876c9e7ca71a4e1de","2026-07-28 13:53:21.096603"
406,"S-Bahn Haltestelle","See","286648181f8effb2abd5938a61a94db3c02a74454f977b2876c9e7ca71a4e1de","2026-07-28 13:53:19.351556"
405,"S-Bahn Haltestelle","Döner","286648181f8effb2abd5938a61a94db3c02a74454f977b2876c9e7ca71a4e1de","2026-07-28 13:53:16.014734"
404,"Döner","Bib","286648181f8effb2abd5938a61a94db3c02a74454f977b2876c9e7ca71a4e1de","2026-07-28 13:53:14.200417"
403,"Döner","Campus","286648181f8effb2abd5938a61a94db3c02a74454f977b2876c9e7ca71a4e1de","2026-07-28 13:53:12.673698"
402,"Döner","Nachtleben","286648181f8effb2abd5938a61a94db3c02a74454f977b2876c9e7ca71a4e1de","2026-07-28 13:53:10.513159"
401,"Döner","Discounter","286648181f8effb2abd5938a61a94db3c02a74454f977b2876c9e7ca71a4e1de","2026-07-28 13:53:04.923797"
400,"Discounter","Innenstadt","286648181f8effb2abd5938a61a94db3c02a74454f977b2876c9e7ca71a4e1de","2026-07-28 13:52:58.006312"
399,"Discounter","Park","286648181f8effb2abd5938a61a94db3c02a74454f977b2876c9e7ca71a4e1de","2026-07-28 13:52:54.392777"
398,"Park","Mensa","286648181f8effb2abd5938a61a94db3c02a74454f977b2876c9e7ca71a4e1de","2026-07-28 13:52:44.617461"
397,"S-Bahn Haltestelle","Campus","bf77f4e166b5d281718c2aabe3c4a27b6769c8a88ec93221681fc3d01d469dcb","2026-07-28 13:51:11.63745"
396,"S-Bahn Haltestelle","Cafe","bf77f4e166b5d281718c2aabe3c4a27b6769c8a88ec93221681fc3d01d469dcb","2026-07-28 13:51:08.12904"
395,"S-Bahn Haltestelle","Späti","bf77f4e166b5d281718c2aabe3c4a27b6769c8a88ec93221681fc3d01d469dcb","2026-07-28 13:50:59.942724"
394,"S-Bahn Haltestelle","Mensa","bf77f4e166b5d281718c2aabe3c4a27b6769c8a88ec93221681fc3d01d469dcb","2026-07-28 13:50:57.318205"
393,"S-Bahn Haltestelle","Discounter","bf77f4e166b5d281718c2aabe3c4a27b6769c8a88ec93221681fc3d01d469dcb","2026-07-28 13:50:54.602653"
392,"S-Bahn Haltestelle","Park","bf77f4e166b5d281718c2aabe3c4a27b6769c8a88ec93221681fc3d01d469dcb","2026-07-28 13:50:51.201348"
391,"S-Bahn Haltestelle","See","bf77f4e166b5d281718c2aabe3c4a27b6769c8a88ec93221681fc3d01d469dcb","2026-07-28 13:50:47.662898"
390,"S-Bahn Haltestelle","Discounter","c347f77aea99309e8fe5d607f7b5d30362c25d9bfeb048c52fd849529e5c8215","2026-07-28 13:50:42.266908"
389,"S-Bahn Haltestelle","Cafe","c347f77aea99309e8fe5d607f7b5d30362c25d9bfeb048c52fd849529e5c8215","2026-07-28 13:50:41.557536"
388,"S-Bahn Haltestelle","Innenstadt","bf77f4e166b5d281718c2aabe3c4a27b6769c8a88ec93221681fc3d01d469dcb","2026-07-28 13:50:35.2966"
387,"S-Bahn Haltestelle","Späti","c347f77aea99309e8fe5d607f7b5d30362c25d9bfeb048c52fd849529e5c8215","2026-07-28 13:50:34.924892"
386,"S-Bahn Haltestelle","Innenstadt","c347f77aea99309e8fe5d607f7b5d30362c25d9bfeb048c52fd849529e5c8215","2026-07-28 13:50:34.002977"
385,"S-Bahn Haltestelle","Döner","c347f77aea99309e8fe5d607f7b5d30362c25d9bfeb048c52fd849529e5c8215","2026-07-28 13:50:32.646474"
384,"S-Bahn Haltestelle","Freibad","c347f77aea99309e8fe5d607f7b5d30362c25d9bfeb048c52fd849529e5c8215","2026-07-28 13:50:31.213425"
383,"S-Bahn Haltestelle","Mensa","c347f77aea99309e8fe5d607f7b5d30362c25d9bfeb048c52fd849529e5c8215","2026-07-28 13:50:30.094869"
382,"S-Bahn Haltestelle","Döner","bf77f4e166b5d281718c2aabe3c4a27b6769c8a88ec93221681fc3d01d469dcb","2026-07-28 13:50:30.00248"
381,"S-Bahn Haltestelle","Campus","c347f77aea99309e8fe5d607f7b5d30362c25d9bfeb048c52fd849529e5c8215","2026-07-28 13:50:28.720138"
380,"Campus","Sportplätze","c347f77aea99309e8fe5d607f7b5d30362c25d9bfeb048c52fd849529e5c8215","2026-07-28 13:50:27.120591"
379,"S-Bahn Haltestelle","Freibad","bf77f4e166b5d281718c2aabe3c4a27b6769c8a88ec93221681fc3d01d469dcb","2026-07-28 13:50:26.526159"
378,"Campus","Bib","c347f77aea99309e8fe5d607f7b5d30362c25d9bfeb048c52fd849529e5c8215","2026-07-28 13:50:26.112846"
377,"Campus","Park","c347f77aea99309e8fe5d607f7b5d30362c25d9bfeb048c52fd849529e5c8215","2026-07-28 13:50:23.002545"
376,"Freibad","Nachtleben","bf77f4e166b5d281718c2aabe3c4a27b6769c8a88ec93221681fc3d01d469dcb","2026-07-28 13:50:21.671479"
375,"Park","Gym","c347f77aea99309e8fe5d607f7b5d30362c25d9bfeb048c52fd849529e5c8215","2026-07-28 13:50:21.587314"
374,"Park","Nachtleben","c347f77aea99309e8fe5d607f7b5d30362c25d9bfeb048c52fd849529e5c8215","2026-07-28 13:50:20.596044"
373,"Park","See","c347f77aea99309e8fe5d607f7b5d30362c25d9bfeb048c52fd849529e5c8215","2026-07-28 13:50:14.580964"
372,"Nachtleben","Bib","bf77f4e166b5d281718c2aabe3c4a27b6769c8a88ec93221681fc3d01d469dcb","2026-07-28 13:50:03.912286"
371,"Nachtleben","Sportplätze","bf77f4e166b5d281718c2aabe3c4a27b6769c8a88ec93221681fc3d01d469dcb","2026-07-28 13:49:58.355361"
370,"Nachtleben","Gym","bf77f4e166b5d281718c2aabe3c4a27b6769c8a88ec93221681fc3d01d469dcb","2026-07-28 13:49:53.739435"
369,"Park","S-Bahn Haltestelle","58d8c7e388fb382c9b0d0ac252789865acbd7e3deafc7524ff8d10189084e4ec","2026-07-28 13:47:15.265685"
368,"Park","Mensa","58d8c7e388fb382c9b0d0ac252789865acbd7e3deafc7524ff8d10189084e4ec","2026-07-28 13:47:13.401541"
367,"Park","Nachtleben","58d8c7e388fb382c9b0d0ac252789865acbd7e3deafc7524ff8d10189084e4ec","2026-07-28 13:47:12.135502"
366,"Park","Freibad","58d8c7e388fb382c9b0d0ac252789865acbd7e3deafc7524ff8d10189084e4ec","2026-07-28 13:47:10.47588"
365,"Park","Campus","58d8c7e388fb382c9b0d0ac252789865acbd7e3deafc7524ff8d10189084e4ec","2026-07-28 13:47:01.495897"
364,"Park","Discounter","58d8c7e388fb382c9b0d0ac252789865acbd7e3deafc7524ff8d10189084e4ec","2026-07-28 13:46:59.565861"
363,"Discounter","See","58d8c7e388fb382c9b0d0ac252789865acbd7e3deafc7524ff8d10189084e4ec","2026-07-28 13:46:57.670597"
362,"Discounter","Gym","58d8c7e388fb382c9b0d0ac252789865acbd7e3deafc7524ff8d10189084e4ec","2026-07-28 13:46:55.605657"
361,"Discounter","Sportplätze","58d8c7e388fb382c9b0d0ac252789865acbd7e3deafc7524ff8d10189084e4ec","2026-07-28 13:46:53.787506"
360,"Discounter","Cafe","58d8c7e388fb382c9b0d0ac252789865acbd7e3deafc7524ff8d10189084e4ec","2026-07-28 13:46:51.870634"
359,"Discounter","Bib","58d8c7e388fb382c9b0d0ac252789865acbd7e3deafc7524ff8d10189084e4ec","2026-07-28 13:46:49.810712"
358,"Discounter","Döner","58d8c7e388fb382c9b0d0ac252789865acbd7e3deafc7524ff8d10189084e4ec","2026-07-28 13:46:47.216104"
357,"Döner","Innenstadt","58d8c7e388fb382c9b0d0ac252789865acbd7e3deafc7524ff8d10189084e4ec","2026-07-28 13:46:45.632903"
356,"Gym","Campus","a5172ab8bc81e0bfada1abdd7f57c8aea0b8c56c28fea5e7e1c17ea91e64ee27","2026-07-28 13:46:45.212938"
355,"Innenstadt","Späti","58d8c7e388fb382c9b0d0ac252789865acbd7e3deafc7524ff8d10189084e4ec","2026-07-28 13:46:42.255308"
354,"Gym","S-Bahn Haltestelle","a5172ab8bc81e0bfada1abdd7f57c8aea0b8c56c28fea5e7e1c17ea91e64ee27","2026-07-28 13:46:42.150134"
353,"Gym","Sportplätze","a5172ab8bc81e0bfada1abdd7f57c8aea0b8c56c28fea5e7e1c17ea91e64ee27","2026-07-28 13:46:39.471197"
352,"Gym","Nachtleben","a5172ab8bc81e0bfada1abdd7f57c8aea0b8c56c28fea5e7e1c17ea91e64ee27","2026-07-28 13:46:37.780664"
351,"Gym","Park","a5172ab8bc81e0bfada1abdd7f57c8aea0b8c56c28fea5e7e1c17ea91e64ee27","2026-07-28 13:46:35.443809"
350,"Gym","Cafe","a5172ab8bc81e0bfada1abdd7f57c8aea0b8c56c28fea5e7e1c17ea91e64ee27","2026-07-28 13:46:32.771888"
349,"Gym","Späti","a5172ab8bc81e0bfada1abdd7f57c8aea0b8c56c28fea5e7e1c17ea91e64ee27","2026-07-28 13:46:30.448857"
348,"Campus","Späti","afaae98203ed479d4df16e78efc7b22b6515bf259fc1e8e54061a61191b83a00","2026-07-28 13:46:30.166497"
347,"Campus","Park","afaae98203ed479d4df16e78efc7b22b6515bf259fc1e8e54061a61191b83a00","2026-07-28 13:46:28.81407"
346,"Campus","Bib","afaae98203ed479d4df16e78efc7b22b6515bf259fc1e8e54061a61191b83a00","2026-07-28 13:46:27.331811"
345,"Gym","Bib","a5172ab8bc81e0bfada1abdd7f57c8aea0b8c56c28fea5e7e1c17ea91e64ee27","2026-07-28 13:46:26.017433"
344,"Campus","Nachtleben","afaae98203ed479d4df16e78efc7b22b6515bf259fc1e8e54061a61191b83a00","2026-07-28 13:46:25.154635"
343,"Campus","Döner","afaae98203ed479d4df16e78efc7b22b6515bf259fc1e8e54061a61191b83a00","2026-07-28 13:46:23.554507"
342,"Gym","Mensa","a5172ab8bc81e0bfada1abdd7f57c8aea0b8c56c28fea5e7e1c17ea91e64ee27","2026-07-28 13:46:23.085788"
341,"Mensa","See","a5172ab8bc81e0bfada1abdd7f57c8aea0b8c56c28fea5e7e1c17ea91e64ee27","2026-07-28 13:46:17.097681"
340,"Döner","Freibad","afaae98203ed479d4df16e78efc7b22b6515bf259fc1e8e54061a61191b83a00","2026-07-28 13:46:10.6977"
339,"Döner","Cafe","afaae98203ed479d4df16e78efc7b22b6515bf259fc1e8e54061a61191b83a00","2026-07-28 13:46:08.218542"
338,"Döner","Mensa","afaae98203ed479d4df16e78efc7b22b6515bf259fc1e8e54061a61191b83a00","2026-07-28 13:46:06.980499"
337,"Mensa","Innenstadt","a5172ab8bc81e0bfada1abdd7f57c8aea0b8c56c28fea5e7e1c17ea91e64ee27","2026-07-28 13:46:02.327644"
336,"Döner","Innenstadt","afaae98203ed479d4df16e78efc7b22b6515bf259fc1e8e54061a61191b83a00","2026-07-28 13:45:59.939173"
335,"Innenstadt","Discounter","a5172ab8bc81e0bfada1abdd7f57c8aea0b8c56c28fea5e7e1c17ea91e64ee27","2026-07-28 13:45:58.721433"
334,"Döner","See","afaae98203ed479d4df16e78efc7b22b6515bf259fc1e8e54061a61191b83a00","2026-07-28 13:45:58.35863"
333,"Döner","Sportplätze","afaae98203ed479d4df16e78efc7b22b6515bf259fc1e8e54061a61191b83a00","2026-07-28 13:45:56.779543"
332,"Döner","S-Bahn Haltestelle","afaae98203ed479d4df16e78efc7b22b6515bf259fc1e8e54061a61191b83a00","2026-07-28 13:45:55.197706"
331,"S-Bahn Haltestelle","Discounter","afaae98203ed479d4df16e78efc7b22b6515bf259fc1e8e54061a61191b83a00","2026-07-28 13:45:53.418615"
330,"Innenstadt","Döner","a5172ab8bc81e0bfada1abdd7f57c8aea0b8c56c28fea5e7e1c17ea91e64ee27","2026-07-28 13:45:47.80579"
329,"Discounter","Gym","afaae98203ed479d4df16e78efc7b22b6515bf259fc1e8e54061a61191b83a00","2026-07-28 13:45:41.189698"
328,"Döner","Freibad","a5172ab8bc81e0bfada1abdd7f57c8aea0b8c56c28fea5e7e1c17ea91e64ee27","2026-07-28 13:45:41.087566"
327,"Park","Innenstadt","ed06f46af160a3e95e68779f745cd722f42f8053267ecd30f3cdf39337f55580","2026-07-28 13:45:26.772038"
326,"Park","Nachtleben","ed06f46af160a3e95e68779f745cd722f42f8053267ecd30f3cdf39337f55580","2026-07-28 13:45:24.506953"
325,"Nachtleben","Bib","ed06f46af160a3e95e68779f745cd722f42f8053267ecd30f3cdf39337f55580","2026-07-28 13:45:23.14445"
324,"Nachtleben","Döner","ed06f46af160a3e95e68779f745cd722f42f8053267ecd30f3cdf39337f55580","2026-07-28 13:45:21.117705"
323,"Nachtleben","Späti","ed06f46af160a3e95e68779f745cd722f42f8053267ecd30f3cdf39337f55580","2026-07-28 13:45:17.910404"
322,"Späti","Cafe","ed06f46af160a3e95e68779f745cd722f42f8053267ecd30f3cdf39337f55580","2026-07-28 13:45:15.771145"
321,"Späti","Campus","ed06f46af160a3e95e68779f745cd722f42f8053267ecd30f3cdf39337f55580","2026-07-28 13:45:14.413085"
320,"Späti","Sportplätze","ed06f46af160a3e95e68779f745cd722f42f8053267ecd30f3cdf39337f55580","2026-07-28 13:45:11.422562"
319,"Späti","Mensa","ed06f46af160a3e95e68779f745cd722f42f8053267ecd30f3cdf39337f55580","2026-07-28 13:45:09.764757"
318,"Späti","S-Bahn Haltestelle","ed06f46af160a3e95e68779f745cd722f42f8053267ecd30f3cdf39337f55580","2026-07-28 13:45:07.357572"
317,"S-Bahn Haltestelle","See","ed06f46af160a3e95e68779f745cd722f42f8053267ecd30f3cdf39337f55580","2026-07-28 13:45:05.982386"
316,"Freibad","Döner","e1ddae0071f9fbf6dd62d79f34a5613cbff7c8ee5f214bc2e66515ca5731bf60","2026-07-28 13:43:38.484359"
315,"Döner","Gym","e1ddae0071f9fbf6dd62d79f34a5613cbff7c8ee5f214bc2e66515ca5731bf60","2026-07-28 13:43:36.710482"
314,"Gym","Nachtleben","e1ddae0071f9fbf6dd62d79f34a5613cbff7c8ee5f214bc2e66515ca5731bf60","2026-07-28 13:43:35.478693"
313,"Gym","Bib","e1ddae0071f9fbf6dd62d79f34a5613cbff7c8ee5f214bc2e66515ca5731bf60","2026-07-28 13:43:33.328915"
312,"Bib","See","e1ddae0071f9fbf6dd62d79f34a5613cbff7c8ee5f214bc2e66515ca5731bf60","2026-07-28 13:43:30.200771"
311,"Campus","Gym","c1b39d29f6aa0e93a111cb565ba564db952dc781711c31fd0ce5b9dc880a043a","2026-07-28 13:43:29.620758"
310,"Campus","Innenstadt","c1b39d29f6aa0e93a111cb565ba564db952dc781711c31fd0ce5b9dc880a043a","2026-07-28 13:43:29.261081"
309,"See","Sportplätze","e1ddae0071f9fbf6dd62d79f34a5613cbff7c8ee5f214bc2e66515ca5731bf60","2026-07-28 13:43:27.476714"
308,"Campus","Mensa","c1b39d29f6aa0e93a111cb565ba564db952dc781711c31fd0ce5b9dc880a043a","2026-07-28 13:43:26.540935"
307,"Mensa","Bib","c347f77aea99309e8fe5d607f7b5d30362c25d9bfeb048c52fd849529e5c8215","2026-07-28 13:43:24.771531"
306,"See","S-Bahn Haltestelle","e1ddae0071f9fbf6dd62d79f34a5613cbff7c8ee5f214bc2e66515ca5731bf60","2026-07-28 13:43:24.502315"
305,"Campus","Sportplätze","c1b39d29f6aa0e93a111cb565ba564db952dc781711c31fd0ce5b9dc880a043a","2026-07-28 13:43:22.973108"
304,"Mensa","Campus","c347f77aea99309e8fe5d607f7b5d30362c25d9bfeb048c52fd849529e5c8215","2026-07-28 13:43:22.949016"
303,"S-Bahn Haltestelle","Mensa","e1ddae0071f9fbf6dd62d79f34a5613cbff7c8ee5f214bc2e66515ca5731bf60","2026-07-28 13:43:22.83116"
302,"Campus","Park","c1b39d29f6aa0e93a111cb565ba564db952dc781711c31fd0ce5b9dc880a043a","2026-07-28 13:43:20.044731"
301,"S-Bahn Haltestelle","Cafe","e1ddae0071f9fbf6dd62d79f34a5613cbff7c8ee5f214bc2e66515ca5731bf60","2026-07-28 13:43:20.017543"
300,"Park","Späti","c1b39d29f6aa0e93a111cb565ba564db952dc781711c31fd0ce5b9dc880a043a","2026-07-28 13:43:18.073152"
299,"Cafe","Späti","e1ddae0071f9fbf6dd62d79f34a5613cbff7c8ee5f214bc2e66515ca5731bf60","2026-07-28 13:43:18.031197"
298,"Park","Freibad","c1b39d29f6aa0e93a111cb565ba564db952dc781711c31fd0ce5b9dc880a043a","2026-07-28 13:43:17.021142"
297,"Campus","See","c347f77aea99309e8fe5d607f7b5d30362c25d9bfeb048c52fd849529e5c8215","2026-07-28 13:43:16.950758"
296,"Park","Cafe","c1b39d29f6aa0e93a111cb565ba564db952dc781711c31fd0ce5b9dc880a043a","2026-07-28 13:43:15.801057"
295,"Späti","Campus","e1ddae0071f9fbf6dd62d79f34a5613cbff7c8ee5f214bc2e66515ca5731bf60","2026-07-28 13:43:15.497187"
294,"Campus","Discounter","c347f77aea99309e8fe5d607f7b5d30362c25d9bfeb048c52fd849529e5c8215","2026-07-28 13:43:15.276054"
293,"Park","S-Bahn Haltestelle","c1b39d29f6aa0e93a111cb565ba564db952dc781711c31fd0ce5b9dc880a043a","2026-07-28 13:43:14.160893"
292,"Discounter","Gym","c347f77aea99309e8fe5d607f7b5d30362c25d9bfeb048c52fd849529e5c8215","2026-07-28 13:43:13.181294"
291,"Späti","Innenstadt","e1ddae0071f9fbf6dd62d79f34a5613cbff7c8ee5f214bc2e66515ca5731bf60","2026-07-28 13:43:11.213896"
290,"Discounter","Freibad","c347f77aea99309e8fe5d607f7b5d30362c25d9bfeb048c52fd849529e5c8215","2026-07-28 13:43:09.856772"
289,"Park","Bib","c1b39d29f6aa0e93a111cb565ba564db952dc781711c31fd0ce5b9dc880a043a","2026-07-28 13:43:09.836985"
288,"Späti","Discounter","e1ddae0071f9fbf6dd62d79f34a5613cbff7c8ee5f214bc2e66515ca5731bf60","2026-07-28 13:43:08.703524"
287,"Discounter","Döner","c347f77aea99309e8fe5d607f7b5d30362c25d9bfeb048c52fd849529e5c8215","2026-07-28 13:43:08.475041"
286,"Park","See","c1b39d29f6aa0e93a111cb565ba564db952dc781711c31fd0ce5b9dc880a043a","2026-07-28 13:43:06.841158"
285,"Discounter","Park","e1ddae0071f9fbf6dd62d79f34a5613cbff7c8ee5f214bc2e66515ca5731bf60","2026-07-28 13:43:05.968965"
284,"Park","Döner","c1b39d29f6aa0e93a111cb565ba564db952dc781711c31fd0ce5b9dc880a043a","2026-07-28 13:43:04.212969"
283,"Discounter","Späti","c347f77aea99309e8fe5d607f7b5d30362c25d9bfeb048c52fd849529e5c8215","2026-07-28 13:43:03.562062"
282,"Park","Discounter","c1b39d29f6aa0e93a111cb565ba564db952dc781711c31fd0ce5b9dc880a043a","2026-07-28 13:43:01.869026"
281,"Späti","Sportplätze","c347f77aea99309e8fe5d607f7b5d30362c25d9bfeb048c52fd849529e5c8215","2026-07-28 13:43:00.426837"
280,"Park","Nachtleben","c1b39d29f6aa0e93a111cb565ba564db952dc781711c31fd0ce5b9dc880a043a","2026-07-28 13:42:54.16933"
279,"Späti","Innenstadt","c347f77aea99309e8fe5d607f7b5d30362c25d9bfeb048c52fd849529e5c8215","2026-07-28 13:42:53.338026"
278,"Späti","Park","c347f77aea99309e8fe5d607f7b5d30362c25d9bfeb048c52fd849529e5c8215","2026-07-28 13:42:48.973551"
277,"Park","Nachtleben","c347f77aea99309e8fe5d607f7b5d30362c25d9bfeb048c52fd849529e5c8215","2026-07-28 13:42:47.301699"
276,"Park","S-Bahn Haltestelle","c347f77aea99309e8fe5d607f7b5d30362c25d9bfeb048c52fd849529e5c8215","2026-07-28 13:42:42.764798"
275,"S-Bahn Haltestelle","Cafe","c347f77aea99309e8fe5d607f7b5d30362c25d9bfeb048c52fd849529e5c8215","2026-07-28 13:42:31.172015"
274,"See","Discounter","ed06f46af160a3e95e68779f745cd722f42f8053267ecd30f3cdf39337f55580","2026-07-28 13:42:27.934282"
273,"Discounter","Gym","ed06f46af160a3e95e68779f745cd722f42f8053267ecd30f3cdf39337f55580","2026-07-28 13:42:21.428297"
272,"Gym","Freibad","ed06f46af160a3e95e68779f745cd722f42f8053267ecd30f3cdf39337f55580","2026-07-28 13:42:18.657184"
271,"Park","Freibad","79c812de0d2057bc0f5bc0783dc30895f3146fda038f92b5d15b8af814d4fa3e","2026-07-28 12:49:24.795917"
270,"Park","Mensa","79c812de0d2057bc0f5bc0783dc30895f3146fda038f92b5d15b8af814d4fa3e","2026-07-28 12:49:23.665306"
269,"Park","Bib","79c812de0d2057bc0f5bc0783dc30895f3146fda038f92b5d15b8af814d4fa3e","2026-07-28 12:49:21.897788"
268,"Bib","Sportplätze","79c812de0d2057bc0f5bc0783dc30895f3146fda038f92b5d15b8af814d4fa3e","2026-07-28 12:49:20.9795"
267,"Bib","Döner","79c812de0d2057bc0f5bc0783dc30895f3146fda038f92b5d15b8af814d4fa3e","2026-07-28 12:49:19.917991"
266,"Bib","Cafe","79c812de0d2057bc0f5bc0783dc30895f3146fda038f92b5d15b8af814d4fa3e","2026-07-28 12:49:18.645136"
265,"Cafe","Discounter","79c812de0d2057bc0f5bc0783dc30895f3146fda038f92b5d15b8af814d4fa3e","2026-07-28 12:49:16.690009"
264,"Discounter","See","79c812de0d2057bc0f5bc0783dc30895f3146fda038f92b5d15b8af814d4fa3e","2026-07-28 12:49:14.602448"
263,"Discounter","Späti","79c812de0d2057bc0f5bc0783dc30895f3146fda038f92b5d15b8af814d4fa3e","2026-07-28 12:49:13.57794"
262,"Discounter","Nachtleben","79c812de0d2057bc0f5bc0783dc30895f3146fda038f92b5d15b8af814d4fa3e","2026-07-28 12:49:11.896951"
261,"Discounter","S-Bahn Haltestelle","79c812de0d2057bc0f5bc0783dc30895f3146fda038f92b5d15b8af814d4fa3e","2026-07-28 12:49:10.33404"
260,"S-Bahn Haltestelle","Campus","79c812de0d2057bc0f5bc0783dc30895f3146fda038f92b5d15b8af814d4fa3e","2026-07-28 12:49:07.349754"
259,"S-Bahn Haltestelle","Gym","79c812de0d2057bc0f5bc0783dc30895f3146fda038f92b5d15b8af814d4fa3e","2026-07-28 12:49:05.550466"
258,"S-Bahn Haltestelle","Innenstadt","79c812de0d2057bc0f5bc0783dc30895f3146fda038f92b5d15b8af814d4fa3e","2026-07-28 12:49:02.73248"
